14,2,12,15,8,59,1003,41,13,1,0,0
6,0,7,19,10,53,1009,27,3,1,0,0
10,0,11,14,10,43,1012,14,10,1,0,0
15,0,15,10,6,40,1011,29,15,1,0,0
14,1,13,13,6,53,1008,28,13,1,0,0
11,0,9,11,6,63,1000,35,10,0,0,0
7,0,8,11,5,76,1007,49,9,0,0,0
13,0,14,11,6,59,1014,28,16,1,0,0
15,1,14,11,8,60,1014,27,15,1,0,0
16,4,15,13,8,52,1009,35,16,1,0,0
16,5,17,13,8,49,1009,32,17,1,0,0
17,5,16,12,9,40,1005,24,18,1,0,0
18,4,17,13,7,44,1006,43,17,0,0,0
11,0,11,12,10,66,1002,57,11,0,0,0
16,3,17,12,10,48,1008,25,19,1,0,0
19,5,19,16,8,36,1008,30,20,1,0,0
20,7,20,11,10,40,1007,21,21,1,0,0
10,0,10,13,6,74,1007,57,9,1,0,0
10,0,11,12,5,67,1010,35,11,1,0,0
14,0,14,11,10,51,1011,34,16,0,0,0
16,1,16,11,10,48,1010,31,17,0,0,0
19,4,19,11,10,41,1012,17,20,1,0,0
21,7,21,12,9,39,1013,16,22,1,0,0
21,7,21,13,10,43,1015,19,23,1,0,0
18,2,19,14,11,41,1021,9,21,1,0,0
13,0,12,13,5,64,1022,27,12,1,0,0
12,0,12,14,5,64,1022,25,11,0,0,0
17,0,16,13,6,39,1020,9,18,0,0,0
17,0,16,15,6,39,1019,17,17,1,0,0
15,0,14,14,6,45,1017,23,14,1,0,0
17,0,17,12,6,45,1015,18,18,1,0,0
19,3,19,13,6,43,1015,21,20,1,0,0
22,7,21,11,6,42,1014,26,24,1,0,0
22,7,23,11,10,49,1022,22,25,0,0,0
23,8,23,11,5,42,1026,10,26,0,0,0
25,10,24,11,11,37,1020,13,24,1,0,0
27,13,26,12,10,35,1015,19,26,1,0,0
26,12,26,12,8,34,1011,24,25,1,0,0
25,12,26,11,10,37,1012,25,27,1,0,0
29,16,30,11,6,35,1017,18,31,1,0,0
29,19,29,11,6,38,1018,22,31,0,0,0
27,11,27,12,5,36,1017,16,27,0,0,0
27,14,27,12,6,32,1015,16,27,1,0,0
27,13,26,11,5,42,1011,28,27,1,0,0
24,10,25,11,5,53,1013,28,25,1,0,0
27,13,28,12,5,37,1017,15,29,1,0,0
26,12,26,11,7,38,1017,21,28,1,0,0
24,9,23,12,6,38,1016,31,24,0,0,0
20,5,20,14,6,46,1016,41,21,0,0,0
21,6,22,13,6,41,1016,19,24,1,0,0
24,6,24,12,6,32,1013,17,24,1,0,0
25,6,24,11,5,33,1008,21,23,1,0,0
23,8,23,10,5,35,1004,29,23,1,0,0
18,3,19,13,10,59,1010,38,21,1,0,0
18,1,19,12,10,48,1012,34,21,0,0,0
23,7,23,12,9,33,1010,20,24,0,0,0
26,11,26,13,8,36,1010,24,26,1,0,0
25,10,25,14,9,35,1009,22,25,1,0,0
27,11,29,12,9,33,1014,16,30,1,0,0
29,14,29,11,9,30,1012,18,28,1,0,0
28,13,28,11,9,36,1012,23,29,1,0,0
29,14,29,10,10,29,1012,17,29,0,0,0
25,10,23,13,8,36,1008,30,25,0,0,0
22,7,20,16,8,42,1002,37,20,1,0,1
20,4,23,13,9,44,1007,29,25,1,0,0
21,3,22,15,9,42,1011,27,24,1,0,0
21,0,21,16,9,37,1012,29,22,1,0,0
21,1,22,13,9,32,1013,19,23,1,0,0
24,7,24,11,8,29,1010,25,24,0,0,0
26,10,25,11,7,31,1005,23,25,0,0,0
24,7,24,14,8,39,1004,29,24,1,0,0
17,0,18,14,9,51,1007,38,20,1,0,0
21,3,22,12,9,36,1009,39,24,1,0,0
17,0,17,11,5,64,1008,38,19,1,0,0
21,2,22,11,10,49,1011,27,25,1,0,0
20,0,20,10,9,51,1010,35,22,0,0,0
22,1,22,10,4,61,1013,25,24,0,0,0
24,4,24,11,10,43,1014,20,27,1,0,0
23,5,23,10,10,48,1012,27,26,1,0,1
22,4,22,11,4,57,1011,23,23,1,1,0
24,10,24,9,4,55,1011,22,28,1,0,0
29,12,28,11,8,36,1010,21,29,1,0,0
24,10,24,10,4,62,1007,24,25,0,0,0
17,2,18,12,10,75,1014,47,21,0,0,0
23,5,23,14,4,55,1015,24,25,1,0,0
24,7,24,12,4,56,1014,19,27,1,0,0
26,10,26,11,4,46,1014,19,29,1,0,0
28,12,28,11,4,42,1014,15,31,1,0,0
30,13,30,12,4,38,1015,13,31,1,0,0
32,16,32,11,5,37,1016,13,34,0,0,0
32,16,32,11,5,35,1014,13,33,0,0,0
31,16,31,11,5,41,1016,14,34,1,0,0
31,15,31,11,5,37,1014,13,32,1,0,0
32,17,31,11,5,35,1012,14,32,1,0,1
34,21,33,9,10,32,1009,19,35,1,0,0
29,15,29,9,9,45,1009,32,31,1,0,0
27,9,28,11,4,61,1010,23,30,0,0,0
25,8,26,11,4,50,1014,23,29,0,1,0
23,2,24,10,4,57,1016,29,26,1,0,0
25,5,25,11,4,40,1013,17,27,1,0,0
26,8,25,11,4,42,1012,31,26,1,0,0
17,0,17,12,10,70,1015,43,19,1,0,0
23,2,24,13,9,47,1017,22,27,1,1,0
27,5,27,11,10,35,1016,12,28,0,0,0
28,6,27,11,4,33,1013,13,28,0,0,0
27,6,27,12,4,34,1013,14,28,1,0,0
25,6,25,12,4,53,1015,20,29,1,0,0
26,6,27,14,4,43,1018,15,29,1,0,1
27,5,27,13,4,43,1018,14,28,1,1,0
27,7,27,13,5,40,1019,13,29,1,1,0
28,8,27,12,5,44,1017,16,30,0,0,0
27,7,25,12,4,43,1011,17,26,0,0,1
27,10,27,10,4,37,1010,18,29,1,0,0
26,6,27,12,3,49,1014,18,29,1,0,0
27,6,28,12,9,37,1014,13,29,1,0,0
26,5,26,12,9,36,1013,14,27,1,0,0
27,5,27,11,9,39,1014,22,28,1,0,0
24,2,25,12,9,45,1017,21,28,0,0,0
27,3,27,12,4,41,1019,14,30,0,0,0
28,5,28,12,4,38,1018,12,29,1,0,0
29,8,28,11,4,36,1016,16,29,1,0,0
28,10,27,11,4,38,1013,29,29,1,0,0
26,5,27,13,3,50,1016,18,29,1,0,0
26,4,26,11,4,45,1015,17,28,1,0,0
29,8,28,10,9,33,1012,13,29,0,0,0
30,10,30,10,9,29,1013,12,31,0,0,0
31,11,31,10,9,28,1013,12,31,1,1,0
29,10,29,11,9,34,1014,17,30,1,0,0
30,10,30,11,3,33,1014,12,31,1,0,0
32,13,33,10,4,31,1016,14,34,1,0,0
35,19,34,9,4,29,1013,11,35,1,0,0
33,16,32,12,3,29,1011,16,32,0,1,0
27,11,28,14,9,39,1014,16,29,0,0,0
28,7,29,12,3,34,1015,12,30,1,0,0
30,11,30,11,4,34,1016,17,31,1,0,0
32,14,31,11,3,29,1015,12,32,1,0,0
31,12,31,12,4,29,1016,13,32,1,0,0
31,10,31,12,4,29,1016,11,31,1,0,0
31,10,31,12,4,32,1017,22,31,0,0,0
31,13,30,12,5,31,1015,13,31,0,0,0
33,14,33,11,5,26,1016,9,34,1,0,0
33,14,32,11,5,27,1013,11,31,1,0,0
30,10,28,11,5,28,1009,17,28,1,0,0
27,8,28,12,4,42,1012,19,30,1,0,0
29,11,30,10,4,39,1013,14,33,1,0,0
32,14,32,9,4,30,1012,17,33,0,0,0
31,12,31,11,5,28,1013,15,31,0,0,0
30,9,31,12,4,35,1017,14,32,1,0,0
31,9,31,13,5,36,1018,13,31,1,0,0
31,10,30,11,4,36,1016,14,30,1,0,0
31,10,31,11,4,32,1016,12,31,1,0,0
32,11,32,10,5,27,1014,11,30,1,0,0
31,10,31,11,5,30,1014,18,30,0,0,0
28,6,29,13,4,30,1017,12,28,0,0,0
30,7,29,13,4,35,1016,23,28,1,0,0
29,7,30,11,4,31,1014,21,28,1,0,0
30,10,29,9,8,31,1012,25,28,1,0,0
32,15,32,10,3,31,1012,31,31,1,0,0
30,13,31,10,7,32,1011,22,31,1,0,0
29,7,30,10,9,60,1014,31,27,0,0,0
28,11,28,10,9,52,1011,21,28,0,0,0
28,6,29,12,9,35,1016,16,28,1,0,0
25,3,25,11,9,38,1015,16,25,1,0,0
26,3,26,11,9,36,1016,15,26,1,0,0
28,5,28,9,3,33,1015,16,28,1,0,0
26,4,27,11,9,34,1019,22,27,1,0,0
26,4,25,13,8,34,1020,22,26,0,0,0
25,2,26,12,9,34,1021,12,26,0,0,0
28,3,27,10,9,26,1016,14,25,1,0,0
26,2,25,10,9,29,1013,14,24,1,0,0
28,5,29,10,9,29,1016,13,28,1,0,0
28,5,29,10,4,27,1019,11,29,1,0,0
30,9,29,10,7,25,1018,16,27,1,0,0
30,13,29,10,10,37,1016,23,28,0,0,0
28,10,28,13,8,37,1017,32,26,0,0,0
28,10,28,12,8,32,1014,20,26,1,0,0
23,3,23,11,10,53,1015,30,25,1,0,0
22,2,22,13,9,37,1017,16,23,1,0,0
24,5,23,12,9,35,1014,18,23,1,0,0
24,1,23,9,6,47,1010,44,19,1,0,0
23,6,22,11,8,37,1005,32,22,0,0,0
20,2,21,12,9,31,1007,22,21,0,0,1
24,3,24,12,8,31,1008,25,23,1,0,0
20,0,23,10,9,34,1015,19,24,1,0,0
22,2,23,11,9,37,1017,17,24,1,0,0
21,0,22,10,4,41,1021,18,22,1,1,0
21,2,20,12,9,35,1017,19,19,1,0,0
20,4,19,13,9,43,1016,22,19,0,0,0
29,12,30,10,9,28,1014,16,28,0,0,0
26,10,26,10,8,29,1013,17,24,1,0,0
23,7,24,10,9,43,1015,30,24,1,0,0
23,7,23,10,9,47,1014,24,24,1,0,0
25,11,25,8,9,41,1013,26,25,1,0,0
19,5,18,8,5,67,1009,42,17,1,0,0
12,0,12,11,4,69,1012,50,11,0,0,0
13,0,15,10,4,62,1018,35,14,0,0,0
11,0,13,10,4,60,1027,39,14,1,0,0
14,0,14,9,4,44,1027,15,15,1,0,0
21,0,20,9,4,30,1023,10,20,1,0,0
23,2,23,9,5,29,1023,11,23,1,0,0
23,3,23,9,5,31,1025,25,23,1,0,0
23,4,22,9,5,33,1024,13,22,0,0,0
19,2,17,9,7,54,1021,28,17,0,0,0
21,8,20,10,8,47,1016,24,21,1,0,0
25,10,26,9,7,42,1017,21,26,1,0,0
26,11,27,8,5,41,1020,17,27,1,0,0
26,12,26,8,4,43,1020,17,26,1,0,0
26,12,25,9,9,43,1019,20,25,1,0,0
22,11,21,10,8,50,1016,25,22,0,0,1
20,5,17,13,7,48,1009,44,16,0,0,0
10,0,11,11,9,73,1014,61,10,1,0,0
14,0,16,12,9,57,1019,42,14,1,0,0
19,1,20,10,9,40,1024,14,21,1,0,0
22,7,22,9,7,35,1025,13,23,1,0,0
25,10,24,9,9,37,1021,16,24,1,0,0
24,9,23,8,4,40,1019,17,23,0,0,0
24,11,24,9,5,45,1022,18,24,0,0,0
25,11,25,9,6,41,1023,15,24,1,0,0
23,8,23,8,5,37,1020,16,22,1,0,0
25,8,26,8,5,27,1021,15,24,1,0,0
26,12,26,9,8,30,1019,18,23,1,0,0
22,10,22,9,4,39,1021,54,22,1,0,0
26,11,26,8,4,36,1015,20,24,0,0,0
23,10,24,8,5,38,1017,23,23,0,0,1
21,10,22,10,5,48,1023,18,22,1,0,0
20,8,20,9,5,51,1022,19,20,1,0,0
20,10,20,9,8,47,1017,22,21,1,0,0
21,10,21,10,8,43,1015,25,21,1,0,0
20,10,20,10,7,45,1014,27,21,1,0,0
18,9,17,11,7,49,1007,33,17,0,0,0
17,5,18,11,7,54,1008,41,18,0,0,0
16,5,19,9,9,43,1018,21,19,1,0,0
21,11,22,9,7,41,1019,20,22,1,0,0
22,10,22,9,8,44,1016,22,22,1,0,0
20,9,19,9,8,45,1011,29,18,1,0,0
16,7,17,9,6,57,1013,47,17,1,0,0
16,8,18,9,5,67,1022,42,18,0,0,0
15,4,15,9,5,67,1022,44,14,0,0,0
11,0,10,9,5,66,1021,49,9,1,0,0
10,0,10,9,5,67,1024,42,9,1,0,0
12,0,12,8,5,61,1025,21,13,1,0,0
14,0,13,8,5,47,1022,28,13,1,1,0
15,1,14,9,6,48,1020,20,13,1,0,0
13,2,13,10,7,52,1018,25,13,0,0,0
14,4,14,10,8,52,1012,28,13,0,0,0
14,4,14,11,8,51,1009,34,13,1,0,0
14,3,14,9,8,52,1008,32,14,1,0,0
14,5,14,10,7,50,1010,41,14,1,0,0
9,0,9,9,6,77,1008,48,8,1,0,0
8,0,9,10,10,62,1010,45,8,1,0,0
5,0,6,10,5,71,1017,60,3,0,1,0
3,0,4,10,5,81,1025,52,1,0,0,0
7,0,8,10,9,72,1027,14,7,1,0,0
5,0,4,11,10,71,1024,24,1,1,0,0
8,0,8,9,8,66,1021,22,7,1,0,0
9,0,9,8,6,75,1022,22,9,1,0,0
7,0,7,9,11,80,1025,43,5,1,0,0
6,0,7,10,6,70,1032,10,6,0,0,0
9,0,7,8,6,55,1023,16,7,0,0,0
9,0,9,10,10,46,1021,18,8,1,0,1
9,0,8,11,10,49,1016,24,7,1,1,0
3,0,4,15,10,49,1028,34,0,1,0,0
6,0,7,12,10,48,1029,26,4,1,0,0
9,0,8,11,9,46,1026,34,6,1,0,0
5,0,5,13,11,70,1032,35,2,0,0,0
5,0,6,9,5,57,1034,11,5,0,0,0
6,0,5,9,11,53,1027,21,3,1,0,0
8,0,8,8,5,58,1022,19,8,1,0,0
11,0,11,8,9,49,1024,20,11,1,0,0
9,0,9,8,5,51,1028,21,8,1,0,0
6,0,6,9,5,65,1032,12,4,1,0,0
8,0,8,8,6,58,1031,10,7,0,0,0
9,0,9,9,7,49,1027,14,8,0,0,0
11,0,10,9,9,44,1023,18,10,1,0,0
10,0,10,9,9,40,1027,49,9,1,0,0
11,0,12,9,10,44,1031,11,11,1,0,0
13,0,12,9,8,51,1029,12,12,1,0,0
11,0,10,8,9,43,1024,18,10,1,0,0
10,0,10,9,8,35,1025,19,9,0,0,0
9,0,8,10,9,65,1021,38,7,0,0,0
10,1,10,11,8,66,1015,38,8,1,0,0
10,2,10,11,7,74,1014,38,9,1,0,0
11,2,12,9,7,67,1018,28,11,1,0,0
14,1,14,8,7,50,1018,22,13,1,0,0
10,0,11,9,5,54,1021,20,11,1,0,0
7,0,7,9,6,59,1023,24,6,0,0,0
8,0,8,8,6,62,1020,27,7,0,0,0
10,0,9,8,8,60,1019,24,10,1,0,0
10,0,11,8,9,58,1020,26,10,1,0,0
12,0,13,10,9,55,1023,20,13,1,0,0
12,1,12,10,9,54,1018,29,10,1,0,0
12,0,12,9,9,64,1019,28,12,1,0,0
14,3,15,8,7,57,1022,19,14,0,0,1
14,1,14,8,10,51,1022,18,14,0,0,0
14,2,14,10,8,47,1020,23,13,1,0,0
13,0,12,11,9,47,1016,30,12,1,0,0
12,0,13,9,10,51,1021,21,13,1,0,0
11,0,11,10,11,56,1020,32,10,1,0,0
12,0,12,9,9,45,1018,27,12,1,0,0
11,0,11,10,8,43,1017,29,10,0,0,0
10,1,10,10,8,67,1015,49,9,0,0,0
11,0,11,9,10,64,1015,31,10,1,0,0
13,2,13,11,9,54,1017,26,12,1,0,0
12,1,12,11,9,59,1017,41,11,1,0,0
13,3,13,10,8,53,1016,42,13,1,0,1
13,3,12,11,9,56,1011,30,11,1,0,0
10,2,10,13,9,52,1009,43,8,0,0,0
10,0,11,10,10,59,1012,36,10,0,0,0
11,1,12,9,10,59,1016,32,11,1,0,0
9,1,9,10,8,61,1014,49,8,1,0,0
2,0,1,11,11,84,1009,70,0,1,0,0
0,0,0,11,6,81,1011,67,0,1,0,0
1,0,1,9,6,79,1008,48,0,1,0,0
4,0,4,10,7,74,1006,53,2,0,0,0
3,0,3,10,10,83,1011,53,2,0,0,0
6,0,7,10,7,81,1025,37,6,1,0,0
4,0,4,11,7,80,1031,26,2,1,0,0
5,0,4,11,6,80,1029,23,2,1,0,0
3,0,3,11,6,79,1023,26,0,1,0,0
4,0,4,11,6,80,1024,25,1,1,0,0
8,0,8,10,6,74,1024,15,7,0,0,0
7,0,6,10,8,72,1022,27,5,0,0,0
8,0,8,10,8,70,1017,43,7,1,0,0
11,0,11,11,9,73,1017,24,10,1,0,0
11,0,10,11,9,75,1014,30,9,1,0,0
12,2,12,11,8,68,1010,39,10,1,0,1
11,2,11,12,9,52,1016,63,10,1,0,0
15,5,15,11,8,51,1015,63,14,0,0,0
15,3,15,11,8,52,1010,35,15,0,0,0
12,2,12,10,10,60,1011,43,11,1,0,0
12,1,12,10,10,51,1009,36,11,1,1,0
12,1,13,9,10,52,1016,25,12,1,0,0
17,5,18,11,9,44,1017,25,17,1,0,0
18,6,18,12,9,43,1017,26,18,1,0,0
18,6,19,11,10,41,1023,51,19,0,0,0
18,6,18,11,9,41,1019,34,17,0,0,0
16,6,16,10,9,46,1016,50,16,1,0,0
15,3,16,9,6,45,1013,51,15,1,0,0
15,5,15,8,7,55,1012,40,14,1,0,0
7,2,8,10,5,76,1018,61,7,1,0,0
8,0,8,11,5,57,1021,32,6,1,0,0
9,0,9,9,5,57,1020,28,8,0,0,0
12,0,12,9,10,48,1019,23,12,0,1,0
14,1,14,9,10,43,1019,22,14,1,1,0
12,3,12,10,8,50,1015,45,11,1,0,0
13,3,12,10,6,50,1009,38,12,1,1,0
8,0,7,11,6,73,1002,68,5,1,0,0
6,0,7,11,6,75,1002,73,5,1,0,0
10,2,10,9,6,76,1001,51,10,0,0,0
12,3,13,10,6,60,1006,47,12,0,0,0
8,0,9,10,4,77,1016,59,7,1,0,0
8,1,9,10,5,79,1022,52,7,1,0,0
7,0,7,12,5,71,1025,53,6,1,0,0
8,0,8,14,5,52,1027,34,6,1,1,0
4,0,3,13,5,76,1025,56,0,1,0,0
6,0,6,11,5,65,1022,21,4,0,0,0
14,0,14,11,4,43,1023,19,13,0,0,0
15,3,15,9,4,47,1024,17,15,1,0,0
25,9,25,10,11,34,1006,16,26,1,0,0
18,4,19,14,9,37,1011,13,19,1,0,0
14,2,14,16,10,40,1012,19,12,1,0,0
17,3,18,14,10,46,1017,15,17,1,0,0
22,7,22,11,10,34,1015,10,22,0,0,0
22,5,21,15,10,33,1013,13,20,0,0,0
17,3,18,12,10,45,1022,9,19,1,0,0
23,7,22,11,8,34,1019,5,22,1,0,0
22,7,20,11,9,36,1012,13,21,1,0,0
21,7,20,13,9,38,1009,19,19,1,0,0
20,5,19,16,8,36,1004,27,18,1,1,0
14,0,14,12,10,44,1006,27,14,0,0,0
14,0,15,11,8,51,1010,35,15,0,0,0
17,4,16,13,8,45,1011,32,16,1,0,0
17,4,16,12,5,51,1008,24,16,1,0,0
17,3,18,11,5,51,1016,20,19,1,0,0
19,4,17,12,7,46,1011,20,17,1,0,0
21,8,20,11,11,37,1009,17,20,1,0,0
19,4,19,14,10,37,1010,23,19,0,0,0
21,6,21,11,5,37,1011,24,21,0,0,0
22,7,22,11,7,43,1012,22,24,1,0,0
23,10,23,11,9,38,1009,23,23,1,0,0
23,9,23,11,8,34,1008,24,23,1,0,0
16,3,17,12,6,59,1016,34,17,1,0,0
19,3,18,13,5,49,1015,23,18,1,0,0
22,7,21,11,11,45,1014,17,21,0,0,0
22,6,21,14,10,38,1012,33,22,0,0,0
11,0,11,12,10,62,1014,32,10,1,0,0
12,0,12,13,10,52,1014,31,10,1,0,0
16,0,15,12,10,48,1014,22,15,1,1,0
16,0,16,11,10,42,1013,28,16,1,0,0
20,3,19,12,10,38,1012,22,19,1,0,0
17,0,16,12,5,58,1011,41,13,0,0,0
7,0,6,12,5,81,1012,55,4,0,0,0
11,0,11,11,5,79,1011,53,9,1,0,0
13,0,12,11,6,71,1005,45,11,1,0,0
13,0,14,11,9,68,1009,57,12,1,0,0
18,2,19,10,9,57,1009,30,19,1,0,0
23,7,23,11,8,43,1011,33,24,1,0,0
25,9,25,11,9,47,1011,21,25,0,1,0
24,9,24,11,7,50,1017,31,25,0,0,0
22,10,21,11,7,56,1012,29,21,1,0,0
16,3,16,12,6,65,1012,44,16,1,0,0
18,2,18,12,6,54,1013,38,19,1,0,0
18,2,17,12,6,54,1010,38,17,1,0,0
17,1,16,12,6,62,1006,48,16,1,1,0
20,5,20,9,8,59,1004,41,20,0,0,0
17,1,17,11,10,70,1008,52,16,0,0,0
19,0,20,10,5,61,1007,41,19,1,0,0
20,4,21,10,6,58,1007,30,21,1,0,0
22,8,22,12,7,46,1008,31,23,1,0,0
18,1,17,11,9,56,1003,36,17,1,0,0
14,0,17,13,11,62,1014,35,16,1,0,0
19,0,20,11,6,53,1020,29,21,0,0,0
23,4,22,11,6,41,1017,17,24,0,0,0
22,3,22,13,5,45,1016,20,21,1,0,0
20,2,19,13,5,51,1015,26,19,1,0,0
21,4,21,13,10,48,1014,24,21,1,1,0
27,9,27,11,5,37,1012,26,26,1,0,0
23,3,23,12,10,51,1011,38,24,1,0,0
23,7,24,10,8,57,1012,29,25,0,0,0
19,0,17,16,9,63,1005,43,14,0,0,0
13,0,14,14,9,59,1007,48,13,1,0,0
17,0,19,10,8,59,1008,33,19,1,0,0
20,0,21,10,10,61,1012,29,21,1,0,0
22,0,23,9,10,56,1015,21,23,1,0,0
25,6,25,10,6,45,1015,27,26,1,0,0
24,0,24,10,10,65,1018,40,22,0,0,0
25,3,25,12,5,45,1017,19,25,0,0,0
24,4,24,12,5,53,1016,25,25,1,0,0
26,7,25,12,5,39,1013,19,25,1,0,0
26,6,27,10,10,49,1012,22,26,1,0,0
27,7,27,10,5,52,1014,22,28,1,0,0
30,11,29,9,5,41,1010,22,29,1,0,0
25,7,25,10,10,58,1010,24,25,0,0,0
27,6,27,10,10,36,1009,25,26,0,0,0
24,5,23,11,5,65,1007,38,23,1,0,0
18,0,19,12,10,68,1009,38,19,1,0,0
19,0,20,12,10,51,1011,29,21,1,1,0
20,0,20,12,10,50,1011,27,20,1,0,0
20,0,21,11,10,56,1013,32,21,1,0,0
25,3,25,10,6,45,1012,27,26,0,0,0
21,0,20,12,5,60,1011,36,20,0,0,0
23,3,24,12,4,54,1014,25,26,1,0,0
24,5,25,12,10,52,1015,24,26,1,0,0
26,5,26,13,4,46,1015,18,26,1,0,0
27,6,28,14,5,42,1019,20,28,1,0,1
28,5,28,14,5,43,1020,17,28,1,0,0
29,9,28,12,5,41,1016,16,28,0,0,0
29,9,28,12,10,45,1015,18,29,0,0,0
29,10,29,11,4,41,1015,16,29,1,0,0
28,10,27,12,10,45,1012,20,27,1,0,0
25,5,25,10,10,55,1009,25,26,1,0,0
25,5,26,10,5,58,1012,26,28,1,0,0
26,4,27,10,10,70,1014,35,26,1,0,0
26,7,26,11,9,62,1013,30,27,0,0,0
27,7,27,10,4,62,1012,28,27,0,0,0
21,1,21,12,4,67,1013,46,21,1,0,0
22,2,22,12,10,53,1010,25,24,1,0,0
23,0,24,13,9,42,1015,17,27,1,0,0
26,2,27,11,9,40,1018,13,28,1,0,0
32,10,32,10,9,36,1017,13,31,1,0,0
30,11,28,12,9,44,1014,18,28,0,0,0
29,8,28,16,8,39,1013,18,27,0,0,0
28,7,29,13,9,41,1013,18,29,1,0,0
25,0,26,11,4,59,1016,39,27,1,0,0
29,6,30,11,5,43,1017,15,30,1,1,0
31,11,30,11,5,40,1014,17,30,1,0,0
31,14,30,11,7,39,1011,18,29,1,0,0
27,1,28,12,9,41,1016,15,29,0,0,1
32,10,33,9,4,36,1017,12,34,0,0,0
29,5,28,13,9,48,1019,15,28,1,0,0
30,4,29,11,6,40,1017,14,26,1,0,0
29,4,29,11,6,41,1016,15,26,1,0,0
30,0,29,11,4,38,1014,17,17,1,0,0
32,11,32,11,5,36,1014,14,32,1,0,0
33,15,32,11,8,36,1011,22,33,0,0,0
31,11,29,10,8,40,1006,27,29,0,0,1
30,9,30,10,8,34,1005,21,29,1,0,0
23,2,23,10,8,57,1004,26,25,1,0,0
26,3,28,12,9,45,1010,24,29,1,0,0
29,7,30,9,9,38,1012,25,31,1,0,0
28,5,28,10,4,53,1011,19,29,1,0,0
25,4,25,11,5,56,1014,31,26,0,0,0
26,3,27,12,4,53,1014,24,28,0,0,0
27,6,27,11,3,52,1013,20,29,1,0,0
26,5,26,11,4,60,1014,29,28,1,0,0
26,5,26,11,4,58,1014,30,28,1,0,0
28,6,28,11,4,55,1014,21,30,1,0,0
33,15,33,10,9,33,1010,14,33,1,0,0
28,6,27,10,5,52,1007,21,28,0,0,0
28,7,28,9,4,50,1006,24,28,0,0,0
28,5,29,10,3,49,1009,23,30,1,0,0
29,5,30,11,4,38,1011,16,30,1,0,0
30,9,31,10,4,36,1011,15,31,1,0,0
31,11,31,11,5,39,1012,21,32,1,0,1
29,11,29,10,5,51,1011,19,32,1,0,0
30,11,30,9,4,49,1009,18,31,0,0,0
32,13,32,11,6,36,1011,20,32,0,0,0
29,11,29,11,4,56,1009,32,29,1,0,0
25,4,26,10,4,65,1009,35,26,1,0,0
27,5,29,11,4,50,1011,23,30,1,0,0
30,9,31,11,4,39,1012,17,31,1,0,0
29,6,29,12,4,34,1012,16,28,1,0,0
30,10,30,12,5,35,1012,24,30,0,0,1
26,4,26,10,5,45,1011,40,26,0,0,0
27,4,28,11,4,43,1011,21,28,1,0,0
28,5,29,11,4,51,1015,29,30,1,0,0
30,8,31,10,9,41,1014,16,32,1,0,0
33,11,33,10,3,35,1014,12,33,1,0,0
32,11,32,10,9,34,1013,18,31,1,0,0
34,16,34,9,4,31,1011,14,33,0,0,0
35,19,35,11,7,30,1011,15,35,0,0,0
35,19,35,10,7,31,1009,16,35,1,0,0
31,13,32,10,10,40,1009,23,33,1,0,0
29,8,30,11,4,46,1011,21,30,1,0,0
25,0,25,12,4,39,1016,30,27,1,0,0
27,3,28,10,4,37,1014,14,27,1,0,0
33,11,33,10,7,31,1014,13,32,0,0,0
32,11,32,10,8,32,1014,20,31,0,0,0
32,9,32,10,8,30,1014,17,31,1,0,0
33,12,33,9,4,34,1014,22,33,1,0,0
31,14,31,10,8,42,1014,19,32,1,0,0
30,7,29,12,8,33,1013,21,28,1,0,0
28,5,29,10,4,37,1015,19,29,1,0,0
30,12,29,11,7,37,1013,18,29,0,1,0
31,11,30,11,8,33,1010,22,29,0,0,0
27,2,29,12,3,32,1016,19,28,1,0,0
28,5,29,10,5,34,1017,16,28,1,0,0
29,5,28,11,5,35,1017,15,27,1,0,0
28,8,28,10,4,34,1014,18,26,1,0,0
28,10,27,10,5,38,1010,32,26,1,0,0
25,7,24,12,5,46,1010,37,25,0,0,0
25,5,25,9,5,52,1009,33,26,0,0,0
26,7,27,10,5,51,1012,24,28,1,0,0
22,5,22,12,4,61,1015,36,25,1,0,0
21,0,21,11,4,64,1014,40,21,1,0,0
26,4,27,11,4,41,1013,23,26,1,0,0
27,7,28,9,5,41,1014,26,28,1,0,0
27,5,27,9,5,43,1014,23,26,0,0,0
29,10,29,10,5,37,1013,18,28,0,0,0
28,8,28,10,6,39,1013,24,27,1,0,0
28,9,28,10,6,38,1015,33,27,1,0,0
29,11,29,9,5,44,1014,22,30,1,0,0
26,7,26,10,5,46,1014,23,26,1,0,0
24,6,25,10,6,55,1015,29,25,1,0,0
21,1,22,10,4,63,1017,39,21,0,0,0
21,0,21,11,4,52,1018,33,21,0,0,0
22,0,22,10,5,49,1020,26,23,1,0,0
26,7,27,8,4,42,1020,18,27,1,0,0
27,12,27,9,8,44,1018,20,26,1,0,0
26,9,24,10,9,47,1014,25,24,1,0,0
25,7,24,13,8,41,1011,28,23,1,0,0
14,0,15,14,9,57,1018,35,13,0,0,0
22,1,23,9,9,37,1017,15,25,0,0,0
23,5,23,9,9,39,1017,34,24,1,0,0
14,0,14,10,9,71,1020,49,13,1,0,0
15,0,16,11,4,69,1024,46,15,1,0,0
20,0,20,11,4,46,1025,14,21,1,0,1
24,3,25,9,5,42,1026,9,26,1,0,0
28,17,26,8,4,35,1021,12,25,0,0,0
25,6,25,9,5,34,1021,13,24,0,0,0
23,5,23,9,5,42,1022,17,24,1,0,0
19,0,19,11,5,48,1023,20,19,1,1,0
19,0,19,10,5,49,1022,22,19,1,0,0
19,0,18,9,5,41,1020,33,18,1,0,0
17,1,17,9,6,59,1022,43,17,1,0,0
18,2,18,8,5,71,1021,38,18,0,0,0
20,2,20,9,5,62,1023,32,20,0,1,0
23,8,23,9,5,50,1021,18,24,1,0,0
24,6,24,9,5,42,1020,15,24,1,0,0
23,6,23,8,5,42,1017,18,23,1,0,0
25,7,24,8,4,37,1015,18,24,1,0,0
24,9,24,8,4,39,1014,19,23,1,0,0
25,11,25,8,9,39,1014,30,24,0,0,0
25,12,25,11,8,38,1014,25,23,0,0,0
21,8,21,12,8,56,1015,32,21,1,0,0
23,12,24,11,9,46,1017,38,24,1,0,0
19,1,21,12,9,48,1023,22,21,1,0,0
21,4,21,8,5,48,1024,14,22,1,0,0
24,9,22,9,9,35,1018,17,22,1,0,0
24,10,22,9,8,37,1011,25,20,0,0,0
19,8,18,11,7,43,1004,32,17,0,0,0
9,0,10,12,9,80,1008,67,4,1,0,0
12,0,15,11,5,68,1016,42,15,1,0,0
8,0,10,12,4,79,1028,53,9,1,0,0
6,0,7,10,4,81,1030,49,5,1,0,0
7,0,7,9,5,77,1028,35,6,1,0,0
12,0,11,9,5,54,1024,25,10,0,0,0
13,0,12,9,5,61,1021,32,12,0,0,0
12,0,12,9,4,65,1023,40,11,1,1,0
13,0,13,9,4,65,1023,40,12,1,0,0
15,0,15,8,4,56,1022,19,15,1,0,0
16,0,16,8,5,46,1022,17,16,1,0,1
15,0,15,9,6,46,1022,19,15,1,0,0
17,3,17,9,7,49,1018,20,16,0,0,0
18,4,18,10,7,49,1019,21,18,0,0,0
19,7,19,10,7,54,1021,20,19,1,0,0
20,9,20,9,7,49,1017,24,19,1,0,0
15,5,15,9,6,55,1016,40,15,1,0,0
15,2,16,8,6,63,1016,38,15,1,0,0
19,6,20,8,9,49,1019,21,20,1,0,0
18,5,18,9,7,54,1021,25,18,0,0,0
16,4,15,9,7,54,1017,41,15,0,0,0
12,2,12,9,6,66,1015,62,13,1,0,0
12,2,12,9,5,72,1018,59,12,1,0,0
14,2,14,8,6,64,1016,27,14,1,0,0
14,3,14,9,7,59,1017,40,14,1,0,0
15,3,15,9,8,60,1015,38,14,1,0,0
16,6,16,9,8,55,1017,39,16,0,0,0
15,2,15,9,8,64,1015,37,14,0,0,0
9,0,9,12,10,64,1024,52,7,1,0,0
9,0,9,11,10,64,1023,32,7,1,0,1
11,0,11,8,4,59,1023,18,10,1,0,0
11,0,11,9,5,58,1026,16,10,1,0,0
8,0,8,9,5,59,1026,35,6,1,0,0
7,0,7,8,5,53,1025,17,7,0,0,0
6,0,6,8,5,52,1022,20,5,0,0,0
9,0,8,8,6,58,1022,37,7,1,0,0
11,0,11,9,8,65,1022,27,11,1,0,0
13,3,13,9,8,61,1020,31,14,1,0,0
10,0,10,8,6,77,1020,43,10,1,0,0
9,0,9,9,6,74,1021,41,8,1,0,0
10,0,9,9,6,73,1017,50,9,0,0,0
10,0,11,10,6,77,1022,54,9,0,0,0
9,0,9,9,6,75,1021,41,8,1,0,0
11,0,11,8,6,71,1021,32,11,1,0,0
9,0,9,9,6,77,1018,44,7,1,0,0
10,0,10,8,6,71,1016,45,10,1,0,0
6,0,6,10,5,78,1017,63,4,1,0,0
4,0,4,9,5,83,1016,64,1,0,0,0
6,0,7,9,11,81,1022,53,6,0,0,0
10,0,10,8,9,66,1018,29,9,1,0,0
9,0,9,9,5,60,1020,20,8,1,0,0
13,0,14,9,9,57,1023,18,14,1,0,0
10,0,10,9,9,53,1023,32,10,1,0,0
11,0,11,9,9,48,1022,22,11,1,0,0
10,0,10,10,9,50,1020,40,10,0,0,0
11,1,11,10,9,71,1016,30,9,0,0,0
10,0,11,8,11,65,1017,30,10,1,0,0
12,1,13,9,10,57,1022,20,12,1,0,0
12,1,12,9,10,60,1020,30,11,1,0,0
6,0,6,13,10,67,1027,29,3,1,0,0
8,0,8,10,9,50,1027,19,7,1,0,0
12,3,12,11,10,46,1024,21,11,0,0,0
15,3,15,10,9,44,1022,21,14,0,0,0
11,0,11,10,10,49,1020,30,11,1,0,0
5,0,5,11,11,68,1019,42,3,1,0,0
0,0,0,11,10,73,1016,40,0,1,0,0
4,0,4,11,8,63,1012,51,0,1,0,0
0,0,0,12,10,80,1017,53,0,1,0,0
0,0,0,9,5,80,1025,48,0,0,1,0
0,0,0,10,6,83,1033,48,0,0,0,0
0,0,0,8,6,76,1031,16,0,1,0,0
3,0,3,9,10,79,1028,27,3,1,0,0
4,0,4,11,10,85,1029,28,1,1,0,0
4,0,2,15,10,81,1020,50,0,1,0,0
0,0,0,12,11,74,1023,39,0,1,0,0
0,0,0,11,11,72,1023,52,0,0,0,0
0,0,0,9,11,72,1032,13,0,0,0,0
2,0,2,8,11,61,1035,34,2,1,0,0
5,0,4,11,10,76,1032,36,3,1,0,1
5,0,4,11,9,82,1017,40,2,1,0,0
8,0,7,11,9,79,1014,32,6,1,0,0
2,0,4,13,11,74,1028,33,0,1,1,0
9,0,9,8,10,78,1026,16,9,0,0,0
10,0,9,9,9,57,1018,24,8,0,0,0
7,0,8,10,10,71,1022,20,6,1,0,0
9,0,9,10,8,49,1023,20,9,1,0,0
10,0,10,10,9,62,1021,20,9,1,0,0
10,0,10,9,9,68,1021,36,10,1,0,0
10,0,10,9,9,72,1015,31,9,1,0,0
11,0,11,9,9,70,1014,43,10,0,0,0
11,1,11,9,8,68,1014,30,11,0,0,0
12,2,12,9,8,67,1016,26,12,1,0,0
12,4,11,10,7,69,1010,52,10,1,0,0
8,1,8,9,10,70,1007,57,8,1,0,0
5,0,6,9,6,82,1013,64,4,1,0,0
7,0,7,8,6,76,1018,34,6,1,0,0
6,0,6,10,7,70,1015,49,5,0,0,0
5,0,5,10,6,70,1015,62,4,0,0,0
8,0,8,10,8,58,1007,36,7,1,0,0
8,0,8,15,8,60,999,52,5,1,0,0
6,0,6,14,9,59,999,75,4,1,0,0
4,0,4,16,9,84,995,58,1,1,0,0
7,0,8,10,10,64,1002,60,7,1,0,0
5,0,6,10,10,63,1009,36,4,0,0,0
8,0,8,11,8,67,1014,64,6,0,0,0
11,1,11,10,7,67,1012,34,11,1,0,0
7,0,6,14,6,80,1010,75,3,1,0,0
3,0,5,10,5,77,1020,38,3,1,0,0
3,0,2,13,10,66,1010,66,0,1,1,0
1,0,1,12,5,72,1015,66,0,1,0,0
1,0,1,13,5,59,1019,37,0,0,0,0
2,0,2,10,5,63,1023,19,0,0,0,0
5,0,5,10,6,68,1026,22,2,1,0,0
8,0,8,10,6,60,1023,18,7,1,0,0
9,0,9,9,6,52,1019,22,8,1,0,0
9,0,9,9,6,50,1019,24,9,1,0,0
6,0,6,10,6,65,1024,32,5,1,0,0
1,0,2,13,6,54,1033,9,0,0,0,0
4,0,4,11,5,42,1033,8,1,0,0,0
6,0,5,10,10,46,1026,22,4,1,1,0
10,0,10,9,10,45,1020,29,8,1,0,0
12,0,11,10,8,58,1015,29,10,1,0,0
10,1,9,10,7,66,1011,42,8,1,0,0
13,3,13,9,7,68,1008,50,12,1,0,0
12,2,12,9,8,65,1006,58,11,0,0,0
11,0,11,10,6,68,1007,54,10,0,0,0
12,0,13,10,9,58,1015,30,12,1,0,0
10,1,9,11,7,72,1014,69,7,1,0,0
12,1,12,10,5,66,1015,44,12,1,0,0
13,2,14,9,8,60,1016,45,13,1,0,0
13,4,13,11,9,56,1015,33,12,1,0,0
10,0,11,12,10,59,1021,32,9,0,0,0
12,0,12,11,8,36,1022,26,12,0,0,0
5,0,4,12,6,79,1019,60,2,1,0,0
5,0,5,16,5,83,1024,60,4,1,0,0
3,0,4,15,5,82,1030,51,0,1,0,0
5,0,5,14,6,74,1032,51,2,1,0,0
6,0,5,11,6,84,1028,54,3,1,0,0
6,0,5,10,5,82,1024,48,3,0,0,0
6,0,5,9,10,84,1019,59,3,0,0,0
7,0,7,9,10,79,1014,53,5,1,0,0
8,0,8,9,5,74,1016,58,8,1,0,0
13,0,14,10,6,57,1006,39,15,1,0,0
12,0,14,10,6,76,1026,25,14,1,0,0
11,0,11,11,6,76,1031,34,10,1,0,0
13,0,12,13,6,55,1026,1,10,0,0,0
10,0,9,11,5,46,1021,11,7,0,0,0
10,0,9,12,10,50,1019,29,7,1,0,0
9,0,8,12,5,61,1021,15,6,1,0,0
15,0,14,11,10,43,1017,8,13,1,0,0
16,0,15,10,9,40,1014,30,15,1,0,0
14,0,14,12,7,57,1017,26,13,1,0,0
16,0,15,11,8,55,1016,26,15,0,0,0
14,0,13,12,7,64,1014,41,11,0,0,0
19,5,18,11,8,51,1012,20,18,1,0,0
13,3,11,11,7,76,1005,59,9,1,0,0
11,0,11,12,10,75,1008,58,9,1,0,0
11,0,11,12,10,61,1010,39,9,1,0,0
16,2,15,13,9,45,1007,38,15,1,0,0
15,0,16,15,10,43,1011,18,13,0,0,0
16,0,15,12,10,46,1009,37,15,0,0,0
12,0,13,15,10,45,1016,15,10,1,0,0
9,0,8,16,10,49,1016,20,4,1,0,0
14,0,13,12,10,30,1013,26,13,1,0,0
12,0,10,11,8,59,1009,52,9,1,0,0
8,0,8,12,11,74,1011,57,6,1,0,0
8,0,9,13,5,73,1017,51,8,0,0,0
10,0,10,12,11,59,1019,31,9,0,0,0
13,0,13,14,5,52,1023,20,11,1,0,0
17,0,17,12,6,38,1026,5,18,1,0,0
24,3,23,10,9,31,1021,9,22,1,0,0
22,3,21,11,5,40,1023,25,21,1,0,0
22,4,21,11,5,54,1021,25,21,1,0,0
18,0,17,16,10,45,1024,28,18,0,0,0
20,2,19,11,11,40,1019,13,19,0,0,0
23,8,22,13,9,39,1017,18,23,1,0,0
23,7,22,13,9,37,1014,18,22,1,0,0
21,4,20,14,9,40,1009,32,19,1,0,0
14,0,16,11,11,47,1015,25,16,1,0,0
15,0,14,15,10,39,1015,18,13,1,0,0
15,0,16,14,11,38,1018,16,14,0,0,0
15,0,14,15,5,48,1017,19,14,0,0,0
22,2,23,10,9,34,1021,13,23,1,0,0
21,2,19,11,9,40,1021,45,19,1,0,0
23,5,22,10,10,41,1014,28,22,1,0,0
23,6,23,10,9,36,1013,29,23,1,0,0
24,7,23,11,9,37,1011,27,23,1,0,0
21,7,20,14,9,38,1007,39,20,0,0,0
18,0,20,15,10,50,1016,36,20,0,0,0
24,5,25,10,10,39,1013,28,25,1,0,0
23,6,23,12,9,40,1013,27,23,1,0,0
21,4,20,14,9,49,1012,41,20,1,0,0
26,8,26,11,11,36,1011,25,25,1,0,0
28,13,29,9,10,39,1015,35,28,1,0,0
29,14,29,10,10,39,1013,31,29,0,0,0
33,17,32,11,10,33,1011,22,32,0,0,0
27,9,27,11,11,50,1011,31,27,1,0,0
25,7,26,11,6,48,1016,36,27,1,0,0
24,5,23,12,6,55,1014,28,24,1,0,0
21,2,22,12,5,57,1016,30,22,1,0,0
16,0,17,12,5,68,1021,49,17,1,0,0
22,0,22,14,5,45,1024,18,23,0,0,0
26,6,24,11,10,32,1017,25,23,0,0,0
26,8,25,13,9,33,1011,35,23,1,0,0
28,11,28,14,9,32,1014,39,27,1,0,0
29,10,30,12,9,35,1017,34,30,1,0,0
28,8,29,11,5,40,1016,19,28,1,0,0
27,10,27,12,6,44,1014,23,26,1,0,0
27,7,26,12,7,40,1010,28,24,0,0,0
27,7,28,13,6,38,1012,23,27,0,0,0
29,9,30,11,5,34,1013,20,29,1,0,1
28,9,28,13,6,38,1013,23,28,1,0,0
28,8,27,11,8,38,1009,38,26,1,0,0
25,6,25,10,6,48,1008,27,26,1,0,0
19,0,19,10,9,76,1009,47,18,1,0,1
25,4,25,11,9,37,1008,39,24,0,0,0
22,1,22,12,10,49,1010,37,24,0,0,0
20,0,21,12,10,48,1014,36,21,1,0,0
21,0,21,11,10,46,1014,29,22,1,0,0
28,4,28,10,10,33,1013,17,27,1,1,0
27,3,28,12,5,34,1017,22,27,1,0,0
26,2,26,13,5,39,1019,17,26,1,0,0
27,4,26,13,6,37,1019,16,26,0,0,0
28,6,29,13,6,35,1020,18,28,0,0,0
27,7,27,12,5,44,1018,17,27,1,0,0
26,4,26,14,5,53,1021,24,27,1,0,0
26,4,27,15,5,37,1023,12,27,1,0,0
27,4,27,14,5,40,1023,15,27,1,0,0
27,2,25,12,5,33,1017,24,24,1,0,0
26,3,25,13,5,35,1014,19,25,0,0,0
27,5,28,12,5,46,1016,24,28,0,0,0
27,6,27,12,5,50,1016,19,28,1,0,0
32,9,32,11,6,34,1017,23,30,1,0,0
34,13,33,10,4,34,1015,25,33,1,0,0
35,16,34,10,9,32,1012,21,34,1,0,0
31,10,30,12,9,33,1011,25,29,1,0,0
28,9,29,12,10,44,1013,22,29,0,0,0
27,8,27,11,5,47,1010,25,26,0,1,0
20,0,20,12,5,66,1014,49,20,1,0,0
24,2,23,10,4,57,1010,37,24,1,0,0
25,3,26,12,10,49,1012,26,27,1,0,0
22,0,23,11,10,54,1015,32,22,1,1,0
25,0,25,10,5,43,1016,19,27,1,0,0
31,5,30,10,9,32,1012,15,28,0,0,0
31,7,31,10,4,34,1015,23,30,0,0,0
24,0,25,13,9,40,1017,15,26,1,0,0
22,0,21,12,9,50,1015,32,20,1,0,0
24,1,24,10,4,56,1013,32,25,1,0,0
24,2,24,12,10,51,1013,26,26,1,0,0
25,3,26,10,4,62,1017,37,29,1,0,0
26,2,26,10,4,53,1018,36,28,0,0,0
27,4,28,9,4,61,1019,33,30,0,0,0
31,5,30,11,4,39,1019,16,30,1,0,0
29,3,29,13,4,37,1023,12,30,1,0,0
29,2,28,13,4,41,1022,15,28,1,0,0
30,7,29,11,4,39,1017,17,29,1,0,0
31,7,31,12,4,34,1017,21,30,1,0,0
33,12,33,11,4,30,1015,17,32,0,0,0
34,12,33,11,5,28,1010,15,30,0,0,0
32,11,32,12,3,33,1011,19,32,1,0,0
29,3,31,12,9,34,1016,18,31,1,0,0
29,3,30,11,9,31,1016,13,29,1,0,0
30,6,29,12,9,32,1015,15,28,1,0,0
31,7,31,11,9,33,1014,24,30,1,0,0
29,4,29,13,9,37,1015,17,28,0,0,0
30,6,31,11,9,40,1016,17,31,0,0,0
32,8,32,11,3,31,1017,13,32,1,0,0
36,13,37,10,4,29,1017,11,36,1,0,0
34,11,34,11,5,28,1016,13,32,1,0,0
35,13,34,11,6,29,1014,13,34,1,0,0
34,14,33,11,4,29,1012,21,32,1,0,0
34,13,35,12,4,29,1013,16,34,0,0,0
33,12,34,11,5,33,1015,14,34,0,0,0
33,9,32,12,5,27,1012,13,30,1,0,0
33,10,33,11,4,28,1010,15,31,1,0,0
34,13,34,9,9,26,1007,17,32,1,0,0
32,8,33,12,9,27,1010,17,31,1,0,0
33,12,32,10,8,30,1007,23,31,1,0,0
35,14,36,10,4,31,1009,31,35,0,0,0
35,16,35,10,7,29,1009,24,34,0,0,0
35,17,36,10,8,31,1010,31,36,1,0,0
32,12,33,10,9,41,1010,18,35,1,0,0
33,11,34,11,4,36,1015,15,35,1,0,0
33,12,33,11,5,37,1018,16,34,1,0,0
33,9,32,12,5,30,1016,14,31,1,0,0
32,7,32,12,4,28,1014,13,30,0,1,0
31,10,32,14,5,31,1016,20,31,0,0,0
32,9,32,14,5,31,1017,24,31,1,0,0
32,7,33,13,5,30,1018,13,32,1,0,0
31,3,31,13,5,29,1020,14,30,1,0,0
31,6,30,12,5,31,1017,13,29,1,0,0
31,6,30,11,4,29,1014,25,28,1,0,0
32,7,32,11,4,27,1012,17,30,0,0,0
31,8,32,13,5,29,1016,22,31,0,0,0
31,7,31,12,5,29,1015,22,30,1,0,0
34,12,34,9,5,27,1010,20,32,1,0,0
35,15,34,9,7,27,1009,21,34,1,0,0
34,13,34,10,7,28,1008,23,32,1,0,0
30,9,30,10,8,43,1009,21,31,1,0,0
32,8,32,10,10,30,1011,23,31,0,0,0
31,7,32,11,5,35,1014,23,31,0,0,0
29,8,29,11,4,49,1015,21,30,1,0,0
26,1,28,13,4,49,1021,23,29,1,0,0
24,0,23,11,4,57,1018,40,24,1,0,0
29,2,28,10,4,39,1014,21,27,1,0,0
29,4,30,10,4,34,1016,15,29,1,0,0
31,8,31,10,5,29,1016,15,30,0,0,0
31,8,31,11,5,31,1017,14,30,0,1,0
31,7,31,11,5,29,1018,13,29,1,0,0
34,10,34,10,5,24,1018,12,32,1,0,0
33,10,33,11,5,26,1021,11,32,1,0,0
34,14,34,11,5,30,1021,13,32,1,0,0
33,13,32,11,5,33,1018,15,31,1,0,0
34,16,33,10,6,25,1013,15,31,0,0,0
34,16,34,9,8,26,1010,20,32,0,0,0
33,13,34,8,4,26,1010,20,32,1,0,0
33,14,34,10,8,27,1013,20,32,1,0,0
32,15,32,12,8,27,1013,20,30,1,0,0
29,4,29,14,9,34,1016,25,28,1,0,0
27,1,28,9,4,34,1016,19,27,1,0,0
24,0,24,11,9,32,1019,21,25,0,0,0
25,4,25,10,6,37,1019,36,25,0,0,0
21,0,21,11,5,72,1019,46,18,1,1,0
24,4,24,12,5,62,1021,41,26,1,0,0
24,1,24,10,4,51,1020,20,26,1,0,0
28,5,28,9,5,36,1018,17,26,1,0,0
29,9,29,10,6,35,1017,17,27,1,0,0
29,11,29,10,5,34,1017,17,28,0,0,0
30,13,30,10,5,34,1016,17,29,0,0,0
32,15,32,9,5,31,1015,18,30,1,0,0
32,15,32,11,5,31,1016,18,30,1,0,0
30,12,30,11,5,33,1016,19,29,1,0,0
30,12,29,10,4,32,1010,23,27,1,0,0
24,5,24,10,4,48,1012,35,25,1,0,0
23,5,23,10,6,47,1013,37,23,0,0,0
26,8,26,9,6,36,1010,27,25,0,0,0
27,9,27,8,7,41,1011,29,27,1,0,0
25,9,26,9,8,39,1013,36,26,1,0,0
18,2,19,8,4,72,1016,53,19,1,0,0
19,0,20,9,10,67,1019,38,20,1,0,0
17,0,18,9,4,69,1022,40,18,1,0,0
18,0,18,11,4,59,1023,31,18,0,1,0
20,0,20,11,5,47,1025,24,20,0,0,0
20,0,20,10,5,43,1025,15,21,1,0,0
21,1,21,10,5,45,1026,16,21,1,0,0
26,6,25,9,7,37,1022,15,24,1,0,0
27,9,26,8,8,40,1019,22,26,1,0,0
24,6,23,9,9,42,1015,24,22,1,0,0
22,5,21,10,9,42,1012,26,21,0,0,0
21,7,21,8,6,47,1011,33,22,0,0,0
15,0,17,10,6,72,1020,37,18,1,0,0
19,2,19,8,4,58,1019,36,19,1,0,0
18,2,18,11,6,63,1020,42,17,1,0,0
18,6,16,9,9,63,1007,51,14,1,0,0
15,0,17,9,4,73,1017,58,17,1,0,0
19,1,20,9,4,52,1018,19,20,0,0,0
22,5,22,9,7,50,1020,29,21,0,0,0
22,7,22,10,6,52,1021,19,24,1,0,0
21,5,21,10,5,52,1021,21,21,1,1,0
22,7,22,9,7,49,1018,28,23,1,0,0
22,8,22,8,8,46,1017,26,23,1,0,0
21,9,21,9,7,48,1014,29,22,1,1,0
20,5,20,9,4,58,1014,42,19,0,0,0
15,0,15,9,10,55,1014,24,15,0,0,0
10,0,9,10,5,73,1016,61,8,1,0,0
10,0,11,11,4,74,1020,46,10,1,0,0
16,0,17,9,4,53,1020,19,17,1,1,0
20,2,20,7,4,40,1019,18,20,1,0,0
18,2,18,8,4,44,1021,30,18,1,0,0
17,0,17,9,5,50,1022,19,17,0,0,0
17,0,17,9,6,47,1022,18,17,0,0,0
15,0,14,10,6,45,1022,31,13,1,0,0
15,0,16,11,5,49,1027,24,15,1,1,0
12,0,13,12,5,56,1034,10,12,1,0,0
13,0,13,11,5,48,1036,8,13,1,0,0
18,0,16,8,5,38,1029,16,16,1,0,0
21,6,20,8,5,32,1023,18,20,0,0,0
21,6,20,8,6,33,1019,20,19,0,0,0
21,6,21,8,4,35,1018,20,21,1,0,0
19,3,20,8,4,40,1021,19,20,1,0,1
18,2,18,8,10,42,1024,16,18,1,0,0
16,3,16,9,9,54,1027,33,16,1,0,0
19,7,18,10,9,46,1022,20,18,1,0,0
16,5,16,12,9,56,1025,43,16,0,1,0
18,7,18,10,9,57,1023,26,18,0,0,0
20,8,21,9,9,52,1024,19,20,1,0,0
22,8,22,8,10,45,1025,16,23,1,0,0
17,2,17,11,9,48,1023,20,16,1,0,0
15,3,14,9,9,42,1019,23,14,1,0,0
14,2,14,11,9,60,1019,35,13,1,0,0
17,5,18,8,9,52,1020,27,18,0,0,0
17,6,17,9,9,43,1020,38,16,0,0,0
20,7,21,8,9,39,1020,20,20,1,0,0
16,5,16,11,9,41,1016,31,15,1,0,0
13,6,12,14,8,49,1006,45,11,1,0,0
15,6,16,19,8,50,1011,39,15,1,0,0
14,0,17,8,10,56,1019,27,17,1,0,0
12,2,12,8,5,67,1019,47,12,0,0,0
9,1,8,8,5,75,1011,59,7,0,0,0
8,0,8,9,10,68,1007,56,7,1,0,0
6,0,7,11,5,77,1014,69,4,1,0,0
8,0,8,9,10,71,1011,60,7,1,1,0
5,0,7,12,10,68,1026,44,4,1,0,0
10,0,10,10,9,49,1024,31,9,1,0,0
12,1,12,11,9,49,1024,32,10,0,0,0
10,0,10,11,10,71,1031,54,8,0,0,0
12,1,13,9,10,65,1029,25,12,1,0,0
14,2,14,8,8,56,1031,14,15,1,0,0
15,0,15,7,10,56,1030,13,15,1,0,0
17,4,17,7,9,47,1028,13,16,1,0,0
13,1,13,8,10,47,1031,41,13,1,0,0
12,0,12,9,6,55,1032,15,12,0,0,0
13,0,13,9,6,58,1029,14,11,0,0,0
7,0,7,9,5,63,1030,18,5,1,0,0
6,0,5,9,5,63,1030,44,3,1,1,0
9,0,9,9,10,51,1023,22,7,1,0,0
12,0,12,9,8,50,1022,23,13,1,0,0
12,0,12,8,11,52,1022,21,11,1,0,0
11,0,11,8,7,54,1025,20,11,0,0,0
7,0,7,10,6,63,1031,55,5,0,0,0
9,0,9,8,6,59,1030,14,7,1,0,0
9,0,8,8,10,42,1027,57,7,1,0,0
9,0,9,7,11,60,1025,34,9,1,0,0
12,0,12,7,10,60,1027,17,12,1,0,0
15,3,15,8,10,49,1026,17,14,1,0,0
13,0,13,9,10,64,1028,16,11,0,0,0
15,2,15,7,9,55,1027,17,14,0,0,0
15,3,15,7,11,53,1026,19,14,1,0,0
13,0,13,8,11,60,1028,17,12,1,0,0
14,2,14,8,11,56,1029,14,14,1,0,0
16,3,16,8,10,50,1027,17,15,1,0,0
15,1,15,8,10,50,1025,19,14,1,0,0
10,0,10,9,5,58,1025,36,8,0,0,1
2,0,2,11,6,57,1033,26,0,0,0,0
0,0,0,10,6,44,1033,13,0,1,0,0
4,0,3,9,10,38,1025,18,2,1,0,0
3,0,3,8,8,56,1025,37,3,1,0,0
0,0,0,10,6,82,1022,63,0,1,0,0
4,0,3,10,8,79,1012,66,2,1,0,0
7,0,7,9,10,76,1007,46,6,0,0,0
6,1,7,9,6,85,1008,69,6,0,0,0
4,0,4,13,10,82,1003,51,0,1,0,0
7,0,8,12,10,70,1014,32,6,1,0,0
10,0,11,9,9,70,1015,35,9,1,0,0
10,1,10,9,9,79,1011,48,9,1,0,0
11,4,11,11,9,75,1013,37,10,1,0,0
9,0,9,13,10,77,1011,72,7,0,0,0
8,0,8,9,10,64,1012,52,6,0,0,0
7,0,8,11,10,61,1021,22,6,1,0,0
8,0,7,14,9,62,1013,40,5,1,0,0
3,0,3,10,6,83,1011,67,1,1,0,0
0,0,0,13,6,85,1011,69,0,1,0,0
0,0,0,10,11,79,1017,65,0,1,0,0
0,0,0,9,10,81,1019,25,0,0,0,0
3,0,3,8,9,79,1019,23,3,0,0,0
3,0,3,9,10,84,1020,23,2,1,0,0
0,0,0,9,11,82,1031,27,0,1,0,0
2,0,2,7,11,76,1032,9,2,1,0,0
1,0,0,8,10,76,1031,33,0,1,0,0
4,0,3,9,10,84,1030,37,1,1,0,0
5,0,5,10,10,89,1028,54,5,0,0,0
8,0,8,9,9,86,1027,31,6,0,0,0
11,0,11,9,9,83,1024,19,9,1,0,0
11,0,11,9,10,81,1025,20,10,1,0,0
12,1,12,9,9,76,1026,16,12,1,0,0
11,1,10,10,9,73,1018,31,8,1,0,0
11,3,12,13,10,71,1022,45,10,1,0,0
15,5,16,10,9,66,1024,27,15,0,0,0
16,4,16,10,9,60,1016,28,15,0,0,0
10,0,9,12,10,79,1015,59,5,1,0,0
3,0,4,11,5,78,1023,61,1,1,0,0
8,0,9,10,10,63,1028,15,7,1,0,0
11,0,11,10,9,48,1023,21,9,1,0,0
11,0,11,9,9,55,1021,33,9,1,0,0
13,1,12,9,9,61,1017,30,11,0,0,0
11,2,9,16,9,64,1007,54,6,0,1,0
8,0,9,11,10,63,1013,63,7,1,0,0
10,1,10,10,9,68,1012,53,9,1,0,0
11,2,10,13,8,69,1003,56,8,1,0,0
13,5,14,13,9,63,1007,42,14,1,0,0
16,7,17,15,8,60,1013,37,16,1,0,0
20,9,22,10,8,49,1022,22,23,0,0,0
16,6,17,10,6,56,1025,41,16,0,0,0
11,4,10,11,6,72,1021,55,9,1,0,0
11,2,11,9,11,68,1016,57,11,1,0,0
8,0,9,11,5,76,1020,54,7,1,0,0
11,2,11,12,9,56,1021,43,9,1,0,0
17,7,16,10,9,55,1016,32,16,1,0,0
18,9,18,10,9,50,1012,37,17,0,0,0
11,0,11,12,10,72,1012,71,9,0,0,0
13,2,14,10,8,51,1014,33,14,1,0,0
13,2,12,12,9,55,1011,54,11,1,0,0
14,3,15,10,10,55,1014,49,14,1,0,1
14,3,15,10,7,56,1020,29,14,1,0,0
17,8,17,11,7,53,1017,37,17,1,0,0
15,3,15,12,9,47,1011,37,14,0,0,0
12,1,12,9,10,63,1009,48,10,0,0,0
13,4,12,10,8,51,1000,52,12,1,0,0
6,0,7,12,9,68,1002,76,4,1,0,0
13,0,15,11,8,52,1010,40,13,1,0,0
15,5,16,11,8,44,1010,43,15,1,0,0
16,4,16,14,8,46,1006,45,15,1,0,0
15,4,16,9,10,47,1009,41,16,0,0,0
10,3,10,11,6,71,1009,54,8,0,0,0
8,1,8,10,5,78,1006,73,7,1,0,0
10,0,11,10,10,68,1013,58,10,1,0,0
10,2,11,12,5,67,1019,49,10,1,0,0
9,0,9,14,6,63,1003,56,6,1,0,0
9,0,11,15,6,61,1019,12,9,1,0,0
