332.257,17.0173,15,10,18.4464
325.6933,9.0652,15,0,16.4136
310.4057,12.0085,12,43,21.3264
392.5802,18.0622,15,8,16.3666
273.394,15.0945,2,7,18.4099
305.3116,13.0373,18,7,23.4007
276.7895,11.0541,6,22,18.4689
293.3883,9.032,13,0,20.4161
288.2825,13.0346,0,5,22.4
362.2148,10.0347,11,1,24.3773
322.8196,14.0847,19,47,17.3701
396.4477,15.1018,13,45,22.3792
328.3858,10.0901,13,25,19.3939
351.2461,14.1145,0,8,27.4529
338.6741,12.0237,18,0,19.3421
321.0171,7.1001,18,16,22.4433
407.9522,18.0303,21,53,29.3819
300.0065,7.1039,21,9,25.4861
280.3371,12.0466,10,24,22.3999
270.5332,15.035,12,13,26.3756
300.7016,11.0071,17,50,22.3817
431.185,13.9631,23,27,31.3626
356.4246,12.9087,24,11,23.3611
445.4813,11.9592,24,76,26.4544
440.0276,13.9475,31,42,24.4426
277.7791,7.9497,17,0,22.4135
299.1627,11.9627,3,1,23.3923
367.3308,18.9457,28,38,27.3467
390.1612,11.9794,23,62,24.355
431.4765,10.9973,24,21,26.3668
390.4426,12.996,32,43,27.3484
458.2396,13.9689,27,45,21.3839
396.8251,10.9318,22,42,30.3997
394.5663,11.9224,22,58,28.4153
469.3772,15.9271,16,78,29.3649
495.5932,21.9696,53,46,28.351
386.1169,10.9836,43,65,27.3466
355.5584,8.9776,30,16,27.3571
415.6245,10.9715,32,59,33.3896
446.9176,15.91,31,75,28.322
387.3977,13.9368,35,28,23.3271
316.9203,11.9677,27,16,25.3342
309.3697,11.9746,31,18,32.3309
344.0741,7.953,26,11,22.3431
246.7397,8.9486,12,0,16.3684
235.4547,11.9423,15,0,22.3323
307.5689,12.0027,34,41,23.3614
289.2877,9.0017,21,25,19.3735
331.0351,13.0253,18,23,23.3866
329.2372,8.9855,20,46,33.2716
382.8795,15.0072,34,28,31.2457
425.5326,16.0075,40,40,35.313
381.8916,16.0205,34,43,23.369
309.4256,9.0427,19,53,29.3844
353.0742,13.0577,18,36,23.3735
427.8575,14.9893,31,78,27.3222
400.6841,12.9855,42,15,24.3349
474.9414,15.9675,47,54,29.3411
387.627,11.9682,44,46,29.3166
388.6428,19.9472,45,65,33.3097
403.4966,12.9879,43,83,29.3223
362.134,13.0109,50,93,28.3072
365.0239,18.0696,33,54,22.3451
407.7452,12.0449,21,33,26.3794
397.8554,12.0288,28,3,30.3468
293.2564,9.0173,15,37,31.3317
321.7227,10.0423,17,21,22.3483
336.1105,9.019,23,62,38.2752
387.3452,18.0369,43,22,31.2837
354.2056,15.0303,38,56,28.3145
377.3492,11.0658,42,33,30.3458
367.7738,10.1032,30,18,25.3941
365.9219,15.0792,13,28,29.3799
296.7741,16.0558,16,45,25.3906
340.5542,10.0473,17,51,20.3508
331.9687,11.0237,5,38,31.3675
308.4468,12.9811,17,34,24.3695
319.5354,12.9998,27,36,26.3559
316.3227,13.0268,39,33,20.3667
387.2319,14.9575,28,55,25.3171
421.9742,13.9787,47,0,27.3285
371.2901,11.0207,24,28,30.4097
345.6493,11.9714,5,26,23.3878
331.6614,9.0658,8,18,26.4691
309.5858,12.9734,23,28,15.3651
323.1301,13.9367,23,8,20.3183
343.4897,17.9265,23,17,20.3003
407.3952,13.9179,25,35,26.2996
410.7604,13.905,34,34,24.2925
342.8912,11.9119,38,54,26.2995
334.9551,13.8966,40,53,25.3003
376.5893,16.9076,44,56,21.2878
413.7238,8.9298,29,26,28.2969
389.4113,11.9564,46,29,27.3118
374.2489,9.9752,45,31,24.3266
293.7487,12.9994,38,43,24.3574
310.2466,11.963,35,34,21.3358
308.4241,6.9553,31,27,22.2971
231.5881,10.0105,18,0,17.326
268.01,14.9876,63,18,23.3557
316.1859,12.9969,35,21,16.3995
285.2999,11.0276,0,28,33.4267
338.1389,12.9862,13,16,22.3082
206.2899,13.9527,28,29,26.2459
295.6759,12.9488,39,54,26.2892
250.2429,11.9223,30,34,22.3071
330.1363,15.9311,30,12,27.3278
317.3049,7.9227,33,27,24.3152
340.8858,10.9306,37,53,23.3321
273.0976,8.9382,27,37,25.3019
209.3255,5.9684,22,6,22.2759
310.5539,14.9471,23,8,24.2781
352.1872,7.9202,34,8,24.2754
360.4828,14.9225,30,11,22.2899
286.4003,10.9674,26,0,20.3034
301.6294,16.9615,23,29,18.3183
286.0343,8.9749,24,0,21.3317
202.0102,7.9661,20,0,21.3162
259.6461,10.9358,19,0,22.2819
318.626,10.9595,30,6,24.2836
327.1269,5.9441,36,7,22.2817
295.3348,9.9744,37,3,35.3243
287.8462,10.9268,25,0,25.2792
316.8706,5.9365,15,40,23.2626
292.6411,7.9286,34,29,27.2616
332.863,14.9339,40,6,24.2752
300.481,13.9346,39,17,22.2611
350.3291,8.9526,52,0,16.273
288.5193,6.903,33,0,22.2435
282.5215,3.9062,28,19,24.2335
249.5561,6.8833,27,0,23.2472
274.2028,10.923,40,17,24.2771
270.0655,7.9576,41,0,27.2956
298.7659,9.9098,43,17,23.2431
262.0138,11.9155,29,0,27.2524
322.4626,8.8921,34,0,41.2313
259.5423,10.9362,42,0,23.2618
265.7582,7.9088,29,23,22.2516
254.7634,13.939,23,0,29.2811
281.9865,8.9039,26,9,24.2499
333.9153,6.91,34,0,24.2031
260.1308,7.9384,30,0,29.2327
287.2087,9.9478,30,0,20.2736
282.8929,8.9457,20,1,18.2656
236.3945,6.9105,33,0,22.2091
320.3932,6.9237,27,0,21.2381
318.5466,12.9146,30,0,32.276
290.6561,8.9225,30,25,17.279
289.4726,6.9152,26,1,16.261
265.2937,8.9037,29,0,34.7276
301.8162,7.9202,22,11,61.5504
337.1773,10.8973,23,13,30.8035
318.6231,11.9583,36,0,63.9843
304.4421,7.9556,35,26,42.6027
338.5412,8.9765,39,13,35.3948
273.5414,12.004,39,0,34.4116
335.853,10.9782,16,0,35.416
314.6854,10.0023,36,15,52.5404
329.1872,9.9798,29,0,48.3888
296.2637,10.9633,21,20,35.7795
367.8995,8.9324,25,26,44.0936
286.8414,10.9475,22,7,52.4192
375.9929,8.9733,34,0,35.8596
342.5112,10.9471,29,20,46.5509
379.89,10.9217,22,0,33.9352
286.1182,10.956,21,14,37.8391
319.0358,8.9678,2,6,55.6812
309.7163,10.9493,27,4,46.3193
276.5701,12.9543,25,0,52.3795
313.5993,10.9388,21,9,39.4308
297.5117,12.9211,28,0,26.2612
332.8879,6.9334,26,0,57.974
362.5116,10.9719,31,9,56.2098
319.7261,10.9717,25,28,40.086
322.818,13.0259,23,36,39.9408
366.4556,10.9415,27,36,41.4521
321.2624,10.9899,16,11,38.8028
343.24,12.0532,21,0,29.334
423.4236,18.0251,10,45,20.2704
424.1425,8.0352,25,38,24.3092
447.4952,11.0421,20,54,24.2882
456.7747,11.0041,26,51,29.2661
470.7509,6.9675,26,25,24.317
360.5691,9.969,53,23,21.3111
450.7912,14.9348,24,55,29.3101
343.5303,11.9561,17,0,29.3432
436.4725,11.9998,54,31,21.3556
403.4084,14.9747,21,29,24.3187
486.6887,9.9688,38,21,20.3205
467.9482,9.963,29,34,25.3403
445.275,12.0163,22,27,25.3867
417.612,11.0286,15,11,34.3868
417.355,12.0392,18,18,25.3832
407.2275,12.0371,16,26,18.4229
339.78,8.0566,3,11,18.4987
276.7859,8.9375,8,2,16.4215
236.3168,8.9745,6,0,21.3781
335.4381,8.9273,18,26,30.2751
378.001,9.9282,16,4,31.2788
413.2615,8.8936,20,17,19.2734
393.9352,12.9723,9,32,19.3781
392.0713,12.9536,8,17,22.3643
325.9071,9.0003,19,33,19.4042
416.4088,11.9622,28,15,15.3594
428.2437,12.9261,14,10,20.3418
451.8675,10.9027,27,13,20.3408
382.6179,7.9163,19,44,17.3775
398.6847,7.002,15,38,18.3873
344.8203,12.0813,44,14,25.4371
435.3789,10.0786,6,27,22.4976
289.5845,9.0672,6,0,19.4994
353.2548,13.0007,23,0,20.456
379.2207,9.9267,7,8,24.3718
379.534,2.933,4,27,21.3345
391.9075,9.9305,18,18,24.3462
396.2828,8.8971,14,41,23.3467
356.5692,10.901,18,35,22.338
441.9489,6.9022,14,30,18.2852
361.6989,10.9058,23,29,15.2948
375.9091,16.0057,0,30,16.352
362.8771,10.9488,21,9,17.3013
329.6929,15.0499,27,44,20.3908
400.9667,9.9079,2,10,24.3357
406.7184,8.9202,23,32,22.393
350.6408,8.9245,47,0,26.3947
355.3776,9.9448,20,14,19.3792
344.5554,7.9759,26,18,17.3765
338.3965,3.9986,10,0,20.3842
397.96,6.0538,21,36,15.3725
323.6555,6.9972,12,19,20.3651
263.9769,6.9975,10,2,24.4356
379.1825,8.9665,6,12,19.3804
332.7104,6.968,18,6,18.3595
407.6943,8.0307,16,10,34.3906
381.4274,7.028,3,10,19.4497
303.0682,6.0539,12,0,19.5216
308.9817,6.0478,3,11,17.5013
340.7435,8.0445,1,0,18.5129
286.863,6.0178,0,0,18.5088
320.0103,6.0058,6,1,16.4695
271.8294,5.9398,0,0,16.3605
309.2793,7.982,0,0,14.4068
279.1705,13.9787,0,0,14.3972
261.7863,4.0281,11,0,17.3954
268.4921,6.0359,9,1,18.38
316.733,6.0646,6,9,12.3981
279.4525,7.071,7,0,18.4275
293.503,5.0822,10,3,16.4502
246.3873,9.1085,3,0,13.5265
238.9481,5.0917,0,0,23.5631
260.3321,4.0233,12,0,18.6092
233.8171,6.0008,0,0,18.6468
256.1806,5.9425,8,0,16.5109
277.8758,4.9853,0,0,13.5277
255.4219,4.9827,8,0,11.5534
238.087,6.8828,0,4,10.515
286.0228,5.9735,17,0,15.5746
284.2611,2.8959,0,0,16.4106
256.9012,7.9367,0,0,17.4185
295.8593,4.9565,3,0,17.4553
282.4672,3.9538,7,0,12.5176
287.369,6.0398,0,0,16.5626
258.718,6.9957,3,0,17.5753
254.2335,0.9578,2,0,13.5786
185.8619,4.9562,4,0,16.5921
230.5479,9.933,0,4,10.4541
298.1231,9.965,12,0,15.4462
312.9954,9.9157,0,0,16.4099
308.457,0.887,5,0,14.4575
301.6756,8.8834,0,0,18.4867
287.9534,5.8728,0,11,14.4471
231.5241,6.8995,3,0,18.4035
279.0121,3.9909,0,0,14.4326
298.7831,4.9047,21,0,15.4016
312.9873,5.0094,6,0,20.5417
207.8061,9.9123,2,19,18.4201
254.6876,2.8982,7,2,16.3763
255.4249,6.9889,0,0,13.4601
173.8762,7.0357,10,0,20.4756
182.5159,5.0815,4,20,17.5387
252.1469,3.0364,0,0,16.5064
250.142,1.9931,7,0,23.4516
231.3377,8.9522,0,0,19.4012
222.0841,7.9253,10,0,13.4197
253.0835,5.9526,5,0,20.4343
251.3983,5.977,1,3,15.4391
203.5048,8.9774,0,0,16.4508
234.9494,3.9537,7,0,14.4372
262.3449,7.9838,8,0,26.4642
244.1243,1.9917,1,4,20.4454
261.1662,6.9832,3,0,16.4675
231.0458,6.9505,6,0,18.4437
204.2673,2.9394,2,0,16.4034
212.9043,9.9734,2,0,18.3976
218.2481,1.9745,4,0,18.4035
286.017,5.0007,0,0,20.4772
304.0379,5.986,16,4,13.4166
278.9962,8.0157,5,0,16.4264
306.3268,7.0702,0,0,14.4609
273.472,6.0397,1,11,17.4487
263.2342,7.0546,1,10,13.5042
270.6894,9.0388,8,3,17.4826
198.4469,3.0392,6,3,19.4575
350.3259,7.0516,16,0,22.4709
312.9058,11.0858,1,0,24.4651
315.1885,11.0505,0,0,21.4285
314.9835,13.077,0,30,16.4862
275.6608,13.0759,12,14,17.497
295.5895,11.1093,4,0,25.5446
275.8819,8.1751,11,0,17.5916
276.5515,6.1882,1,6,18.6245
218.4073,8.1921,1,0,14.5839
197.3418,5.1287,5,0,18.5404
292.5646,11.0927,3,0,15.5902
252.1822,7.012,5,0,23.6522
304.2197,7.9567,33,0,14.6352
297.3218,6.9542,1,0,15.6073
279.1454,6.9485,0,3,13.5728
233.2554,3.9453,6,8,16.5499
242.0198,7.9567,11,0,22.5468
292.2065,5.9889,3,0,22.5082
281.8033,9.0023,0,0,21.5021
254.7272,5.0576,9,6,20.5548
259.4313,8.0317,0,0,14.4928
341.0756,7.0886,6,0,10.485
362.4695,4.1226,15,0,21.4902
338.7671,10.1603,0,0,26.5011
358.17,8.1575,19,0,20.5205
353.448,9.0459,43,0,22.4198
311.4571,5.049,11,0,17.4345
352.3741,7.027,14,0,18.4387
327.3111,7.9967,26,0,16.4114
331.1101,9.046,12,0,22.452
331.416,13.0022,1,27,26.4232
353.9345,9.1393,11,34,20.5165
409.2791,13.0944,46,0,20.4261
324.998,7.1137,28,0,15.4407
404.8414,6.1317,20,10,15.5194
366.4477,7.9995,16,0,21.4555
273.7158,13.0683,11,14,23.5331
258.9765,4.9875,11,0,18.4349
293.7222,8.9789,0,2,17.4081
294.7769,8.0388,6,3,16.438
315.4399,10.0376,22,6,39.3832
299.3254,10.1801,16,0,17.4801
282.9781,7.1855,4,0,38.448
205.566,11.2191,0,0,16.5162
224.5231,12.2084,2,0,17.5011
250.0815,6.1293,2,0,23.4849
305.8641,8.0894,0,0,15.5364
299.3472,4.0992,17,0,27.609
260.3277,5.0244,3,12,19.5573
245.6317,6.1021,0,0,17.645
354.698,6.0021,9,23,17.5354
249.7289,6.0608,5,18,17.5338
288.1464,9.9518,4,7,20.396
286.5979,8.9706,0,0,19.3638
372.2517,7.9449,5,0,20.2884
417.895,13.9202,22,45,30.321
432.9295,10.9554,24,19,19.3685
349.9622,8.9723,0,21,19.3953
395.3453,13.9418,11,0,27.3403
390.3551,11.9165,15,1,22.3397
334.9821,11.9063,22,17,33.3766
333.6781,13.9274,25,39,22.332
362.96,10.9259,10,1,24.2931
404.5303,9.9775,15,43,26.299
427.5765,13.0045,18,26,30.3075
288.5661,7.0531,18,4,23.365
348.8389,10.0433,6,0,20.3691
282.4049,9.0485,3,0,23.3853
340.5943,11.0232,20,26,23.3752
353.1521,9.9523,7,0,26.3493
431.2733,14.9636,8,0,24.3252
429.3269,12.9699,24,21,23.3329
417.1435,8.0058,10,35,22.3143
333.1816,13.0152,20,23,25.3337
360.543,17.9838,7,0,28.3348
378.4019,11.9865,24,15,24.3063
369.2976,16.0008,31,15,26.3568
349.7258,17.974,16,6,26.3615
312.5331,9.9979,16,27,28.4091
344.6741,15.0039,9,24,29.3852
332.6009,7.9791,52,40,25.3943
316.2592,10.0257,19,0,26.4561
322.2917,11.0241,13,5,21.4326
332.7009,9.0447,6,1,23.4142
326.5605,11.0034,16,15,22.3529
366.4071,10.0755,22,20,22.3962
285.269,14.0684,8,0,22.4368
284.9964,7.1168,0,0,22.516
246.5961,8.1492,17,0,20.5195
261.4295,8.1615,41,5,19.5023
287.4664,9.0812,7,0,22.4318
223.0637,7.1317,3,0,22.4643
221.1655,6.0081,7,24,19.3706
322.2637,7.0381,3,7,30.4059
281.0285,10.9772,17,33,26.3989
274.2628,12.042,19,34,24.4415
353.0791,11.0296,17,14,19.3995
297.4076,12.0799,12,12,25.4301
436.5509,12.108,21,5,40.4177
306.1831,11.1157,20,0,32.4023
350.1904,10.1372,8,31,22.4539
307.761,8.1103,3,0,42.403
266.1712,11.1151,15,0,22.4283
273.5514,11.05,10,0,21.3762
257.5304,9.026,15,0,22.3461
301.2653,11.0392,9,0,21.3907
236.6409,10.0393,10,0,20.4406
193.3213,13.021,0,0,18.4079
250.2319,14.9933,11,9,24.3638
338.9881,15.971,29,46,21.3394
348.2034,11.9688,17,18,19.37
351.4745,12.0263,21,21,26.3715
393.1681,9.0399,14,19,25.3656
396.0092,17.0196,39,55,32.3779
259.3051,11.0687,15,12,22.4379
349.4983,11.0829,19,25,23.403
278.3149,13.1054,11,23,25.4555
321.1017,8.108,16,0,21.4502
333.0125,12.0212,20,0,27.3902
344.2519,17.0229,17,14,28.3886
452.1073,12.0157,18,41,24.3939
379.7958,11.9898,18,15,26.3515
346.7318,10.0404,16,10,32.4304
359.3573,13.9591,21,39,32.323
357.1003,14.9861,34,36,21.3476
339.8652,12.9837,65,27,28.3351
308.2389,13.988,31,0,26.324
372.5444,15.96,27,24,27.3252
325.3102,10.9703,38,11,29.3008
379.0991,11.0474,24,55,27.358
337.1284,21.0395,27,37,31.3796
325.5134,8.0191,23,9,25.4031
284.4161,10.046,2,5,20.4112
337.11,10.0571,5,12,21.4024
281.9932,11.0479,25,6,24.369
250.9373,11.0612,33,0,20.3733
292.7185,15.0271,25,4,24.3402
316.4584,13.0111,11,1,23.414
309.9765,8.974,14,25,27.354
361.8532,12.9831,19,0,37.3599
425.8026,12.9371,29,29,27.338
346.0589,10.9572,35,0,26.3488
360.4932,19.9483,28,27,24.3469
347.9088,15.9495,38,29,32.3265
375.7321,10.9486,31,18,30.3473
388.8241,13.9635,34,47,29.338
324.4737,12.0122,30,2,24.3606
330.2733,11.0226,35,0,41.4093
315.1987,10.0027,22,7,27.4111
301.8796,10.0428,24,1,19.4362
330.4215,15.0511,28,1,24.4079
206.4623,11.977,16,17,23.3548
312.1458,11.0301,17,6,23.3969
261.3635,14.979,13,0,24.3496
323.6362,9.9683,20,6,25.3364
372.2446,11.9436,17,0,31.3359
319.6242,10.9351,26,16,26.3186
276.7562,16.9738,30,6,21.3449
335.9423,6.0332,24,0,21.3772
342.6162,13.9623,45,0,25.311
304.8616,12.0003,21,0,26.3655
294.9113,10.9367,23,0,26.2969
310.5102,12.9171,32,0,21.2771
329.6212,9.9564,23,7,25.3028
294.2069,13.9255,28,3,22.3125
314.4198,10.9099,34,0,24.2865
285.8798,9.9449,23,20,23.3015
309.4781,10.9253,39,23,23.2414
309.4555,15.9662,24,0,35.2517
272.8062,11.9463,28,0,27.3232
274.9739,8.9586,29,17,29.2752
258.7873,12.9938,28,14,19.2539
264.0501,10.0101,27,32,23.289
327.9708,11.9988,34,0,23.2847
288.1864,6.0108,40,0,25.3161
290.9276,11.9997,29,0,26.309
215.1136,9.0123,23,0,18.3343
251.0977,8.9637,21,18,17.3082
304.7285,6.0102,19,0,17.3507
279.5326,6.9977,18,0,22.3542
266.8554,10.9803,31,1,14.3384
311.7807,8.9905,4,0,29.3535
340.0656,14.9711,18,6,23.3363
302.4016,15.9621,7,0,20.2929
298.652,10.9862,25,0,21.2544
186.2259,7.9872,24,3,25.249
257.0249,9.954,13,0,26.2344
241.8491,11.9529,29,0,21.2409
256.1236,6.9479,29,0,25.2558
242.2938,13.9471,25,29,26.2847
316.3046,14.9646,25,0,19.3038
233.7978,5.9482,14,0,13.2649
270.8964,4.9773,21,0,19.3039
254.7405,10.0097,32,0,21.3266
218.1647,8.0018,16,18,17.3208
260.2959,6.9875,22,2,18.3128
265.1607,12.9433,8,0,20.2462
230.2311,9.957,21,2,25.259
251.2759,8.0057,13,13,19.281
232.6992,7.9972,15,0,24.2595
262.6142,8.0596,22,0,25.3536
251.9142,10.9511,26,5,18.2987
241.1229,9.9701,20,0,27.3064
270.3654,8.9366,10,0,21.2698
247.4722,9.9191,17,0,22.2408
285.4302,17.9458,32,0,22.2708
221.8033,6.9211,5,21,23.2537
239.0906,13.9423,25,0,22.2818
275.1878,5.9485,21,0,25.2711
287.9985,11.9835,19,0,25.2723
277.1718,9.9398,24,0,16.245
253.3808,6.9943,17,0,61.0468
242.6095,8.9413,21,3,53.2469
321.6177,9.9307,24,17,39.3076
197.2538,13.9835,21,0,67.4181
266.6858,8.9437,28,0,48.8253
329.1016,11.9321,12,13,46.5741
315.027,12.9646,24,20,24.8174
253.3839,10.9572,11,18,40.6732
301.6667,9.9644,26,5,43.95
237.0889,9.9636,22,13,48.2989
306.9127,7.9536,30,9,34.6966
279.9577,10.9372,18,0,43.1815
245.3678,6.9448,17,0,47.6636
321.8392,11.9771,25,0,39.0683
315.8217,7.9957,8,0,44.1848
234.001,10.0481,32,11,32.5044
272.2329,9.0416,10,0,27.5455
197.8715,7.0212,0,0,65.392
266.8807,14.0082,13,0,30.483
280.1136,10.028,13,5,31.4794
280.2956,8.0382,3,0,29.2102
286.7262,8.9688,26,0,44.5484
310.5594,10.9746,12,2,42.8504
287.7769,10.9732,0,0,42.4853
303.4369,15.977,19,0,49.1842
268.0899,10.9818,19,18,48.651
321.641,10.9924,14,0,39.8278
343.2466,5.9696,18,6,42.7146
314.3876,9.0013,13,23,22.3737
431.9038,11.0044,18,0,25.3603
344.3381,8.0194,1,27,22.381
322.0343,8.9988,7,42,25.3716
317.135,9.9572,22,11,18.3695
337.3168,9.9365,13,41,20.3441
267.1642,8.9734,5,3,22.341
253.9132,9.9817,17,2,19.3924
269.6076,8.9895,16,0,20.3775
251.8628,7.0658,13,0,19.4236
353.0887,11.0048,7,0,21.4054
312.7888,9.0655,5,0,17.4936
245.1869,8.0194,0,0,15.4741
284.7457,4.9971,0,3,17.4455
300.4858,8.9056,0,6,18.3567
336.72,6.8768,7,0,19.2754
385.4938,9.8926,14,0,23.2906
357.8357,8.8973,12,40,27.3244
344.4855,9.9357,18,12,20.3489
218.4151,11.9811,5,0,21.3543
241.5859,8.0119,21,0,19.3908
224.7131,7.047,17,0,22.4629
235.7538,9.0489,10,0,15.4825
276.1824,5.9875,0,0,21.44
297.7746,2.9567,11,0,23.3909
288.9482,11.9254,44,0,23.3175
297.542,8.9302,23,0,17.274
323.5617,7.9401,12,20,16.2696
253.6427,11.9531,7,0,26.3008
335.2194,11.9444,11,0,20.3098
315.739,9.0125,5,22,14.4078
332.7978,9.0173,9,0,21.4386
288.6603,5.9666,9,6,27.419
317.9097,7.9876,8,0,25.4399
311.432,9.9443,0,0,25.3838
292.0149,9.9434,2,5,23.3218
318.4825,6.9963,3,0,17.3095
277.8619,3.0845,10,0,18.4239
286.8283,8.0789,8,11,21.4371
220.6748,7.1413,4,0,17.6418
216.5555,4.0316,4,0,19.6008
190.9549,3.0412,0,0,18.6377
164.5299,5.0182,8,0,14.5542
249.3945,3.0204,11,0,13.4828
139.5521,4.0153,0,0,13.4547
220.9725,6.0232,1,0,15.4726
175.3368,4.9978,20,0,14.4429
223.0597,3.9754,0,0,18.4166
186.6721,5.9174,18,0,13.3492
242.4885,6.939,0,10,33.3621
214.7501,2.9646,6,0,17.3728
198.8659,3.9539,9,0,13.4058
184.4856,6.9608,17,0,32.4222
221.0839,11.9845,4,0,15.4087
279.0651,5.004,2,0,20.4047
286.6051,6.0127,0,0,13.4255
258.7011,4.9896,0,0,15.449
215.6629,3.995,0,0,23.419
234.195,2.075,3,0,21.4547
247.6047,6.1179,0,0,27.5027
242.7712,7.0927,0,0,15.51
227.5216,6.099,0,0,16.5243
257.3078,6.0074,17,0,22.4262
188.3551,8.0622,0,0,17.471
209.613,5.0461,8,0,15.4673
200.7146,5.056,0,0,13.5085
241.4345,2.9916,0,0,13.5354
157.4079,5.0623,1,0,15.5661
191.5463,2.9656,9,0,17.4732
178.6127,2.9308,0,0,14.4467
151.0208,4.8936,0,0,17.4107
147.409,5.9605,0,0,30.4624
181.2034,5.9775,0,0,29.4225
124.7418,5.9747,10,0,14.4375
210.2194,6.0319,0,0,17.5141
225.4673,6.0281,9,0,14.5111
206.4798,7.0223,11,0,11.5066
163.3799,3.0772,0,0,13.5477
214.9133,10.0979,0,0,14.5487
189.1438,12.0755,0,0,16.5656
198.0295,8.0706,1,0,21.5714
260.8636,6.0531,9,0,15.5482
216.4741,6.0487,8,0,20.4923
176.1641,4.1058,11,6,12.5524
233.2284,7.1158,10,0,26.5621
241.908,2.1441,0,0,12.6345
208.1103,4.0912,0,0,15.6072
242.0363,5.0509,0,0,12.5372
228.2488,7.9634,0,0,16.4526
296.1185,5.9485,10,0,23.4456
278.1384,6.9344,0,0,14.416
240.0115,7.0333,3,0,9.4804
201.6138,2.0105,0,0,10.4627
179.5175,4.067,0,0,13.5193
265.7047,7.9675,12,0,17.4767
246.2939,6.9958,14,0,16.4975
284.298,5.9366,1,5,13.4944
249.3945,5.9476,0,0,12.5233
295.5825,7.9748,2,0,14.5299
222.6307,4.974,16,0,16.4477
184.8976,5.9866,7,0,13.4415
209.3482,6.9916,6,0,15.4936
236.3076,7.0265,15,0,16.5517
201.6044,5.1078,17,0,27.5809
139.6381,6.1086,3,0,18.5763
234.6347,5.101,5,0,14.6444
198.2201,5.0821,0,0,12.6897
196.3893,12.9696,0,0,14.6447
262.0633,4.0087,0,0,13.6935
254.691,5.9278,0,0,13.6061
215.136,5.025,0,0,14.6674
247.4053,5.0153,4,0,20.6309
206.9853,7.0931,0,0,19.715
225.8837,6.9737,0,0,14.6202
183.6252,6.0373,0,3,26.709
205.4389,4.9428,1,0,17.6194
241.6956,9.069,3,0,15.6674
290.0816,6.0732,0,0,20.5971
261.5443,7.0023,35,0,19.6064
253.0806,6.9554,4,0,15.6103
184.7705,6.014,11,0,15.57
235.8515,1.9307,7,0,15.4744
239.8157,4.9472,6,0,20.4756
208.1028,6.9438,0,5,18.4741
225.0145,7.0085,2,0,16.4979
262.9341,5.9896,0,0,23.4886
250.3658,5.0765,4,0,21.5231
259.4794,7.0252,0,0,20.4654
255.5676,8.0433,0,2,23.5011
184.9881,8.065,0,0,19.501
299.5956,6.0739,0,0,25.4572
256.5932,8.1578,8,0,24.5519
296.7057,9.0971,3,0,23.5397
196.7848,7.1228,0,0,18.5991
222.9737,7.0896,12,0,22.5134
220.0099,6.0971,0,0,17.4824
195.1602,7.1882,1,0,17.5143
260.9327,13.1928,14,0,18.4359
241.1223,8.2008,20,0,20.5075
243.0623,10.2973,0,0,19.5693
214.7434,8.1092,0,0,19.4959
202.8652,10.195,4,0,17.5637
217.7412,8.084,9,0,16.4667
247.7119,7.2287,2,0,20.6289
303.1686,7.0421,4,0,21.4868
238.1864,4.1737,0,0,16.6794
232.463,5.133,0,0,17.5379
244.0308,11.1258,0,16,21.5844
263.02,9.063,0,0,17.5784
232.8554,6.9946,0,6,19.5426
274.1572,9.9343,3,9,16.4802
233.0203,6.9539,2,0,18.4516
295.8631,8.949,3,0,28.3929
266.4409,6.9629,17,0,36.4415
308.7476,5.8656,15,0,22.4598
243.3987,6.8852,16,0,19.5172
213.5677,5.9022,0,0,19.4743
231.3934,7.9603,8,0,18.4358
294.7461,9.0309,11,0,17.4443
270.4166,11.0755,39,10,19.4652
300.1158,11.096,4,9,21.4585
266.914,6.1378,0,0,20.4686
260.3423,6.1451,1,0,14.4546
210.4727,9.1004,0,0,20.4561
201.0029,8.1584,28,0,16.5651
291.8898,14.0778,4,0,30.4512
327.561,10.1605,18,0,21.5677
221.4366,9.0371,11,0,19.4713
245.8646,6.0343,8,0,21.5045
283.6444,6.9933,1,0,19.4451
318.3832,7.0847,7,0,21.5573
252.2494,11.0888,11,11,14.5715
268.0448,4.1113,0,0,18.7116
237.1098,3.1021,0,0,20.7346
192.6753,7.1083,0,0,20.7267
214.6511,7.1091,2,0,20.6866
273.4972,9.1323,10,0,17.68
215.0586,8.1207,0,0,22.6179
282.387,4.1855,12,0,29.6193
218.9034,6.1303,0,0,18.4957
237.2651,8.0876,3,0,17.5031
289.5759,12.9853,10,8,16.5531
270.7891,7.8678,4,13,25.4785
274.9508,8.9414,0,6,20.4816
267.1297,6.9021,8,25,26.3889
197.2588,7.9209,3,11,21.4043
281.0973,9.9695,21,0,21.4374
218.4426,10.9815,13,7,19.3738
310.6549,11.9635,6,0,27.3482
322.5416,13.0233,17,0,24.4241
252.1968,12.0394,7,25,23.4454
302.659,10.0128,1,13,26.3989
249.259,14.1282,3,0,20.52
317.4166,11.0742,11,24,28.4282
212.7272,11.1128,0,0,22.5154
294.9512,15.1393,0,9,29.4943
287.7861,14.0357,0,0,24.3904
256.2905,8.091,12,0,26.4202
312.9293,11.9597,7,16,23.3503
274.4631,15.9872,9,0,17.4621
331.2586,12.9972,13,18,26.3863
270.5387,5.0885,10,0,26.4319
378.0771,10.1126,0,0,20.4632
248.8267,6.1449,0,0,22.5658
301.1619,11.0859,0,0,20.5669
195.1196,9.0399,3,0,23.5212
225.9641,13.9669,17,0,26.4341
243.2238,9.9325,25,0,16.3771
251.0278,9.9439,20,0,33.3209
226.1158,12.9472,23,0,21.3564
254.527,8.9552,12,21,18.4098
294.3306,9.9408,0,0,24.4105
256.3115,11.0209,15,0,20.4451
297.6212,14.9581,9,42,27.3637
332.2535,15.9995,24,14,29.3555
365.9501,9.9803,26,1,24.3436
333.6628,13.9696,22,10,28.3924
334.4762,9.983,12,0,30.3917
303.2424,12.9851,17,0,30.3992
341.3171,11.9889,18,6,21.3635
293.7121,12.0095,2,9,25.3949
322.7532,15.9861,14,0,21.338
384.0101,14.0877,25,0,27.4176
372.2901,16.0161,9,8,25.343
382.5417,15.0459,26,17,25.3557
321.0639,12.0405,11,26,26.3685
258.266,13.08,11,6,22.426
229.0168,13.0553,21,1,27.4042
262.6686,15.0445,12,0,27.3906
290.1029,17.032,9,0,27.3644
303.3152,15.0915,6,0,25.4364
263.3809,11.011,8,0,21.3794
239.2616,15.0237,15,0,27.3768
298.1752,13.0256,29,47,26.3864
323.9572,19.0132,34,43,28.3699
338.2849,13.0075,24,0,20.3924
394.7211,15.0328,16,8,22.4049
312.9579,21.0308,11,4,22.4466
311.2834,10.965,17,11,23.3948
317.6497,11.0487,16,5,21.4554
336.2223,16.015,10,20,39.3466
319.9593,19.0608,27,0,25.3649
306.6146,22.0635,32,3,23.3955
339.7091,13.031,24,4,26.3852
369.5787,13.012,12,0,26.3783
284.0881,9.9691,32,0,23.3122
305.7429,13.9948,21,14,26.2999
283.6598,8.0022,20,5,27.3165
296.1695,16.9786,22,0,26.31
290.1594,13.0074,34,0,29.3059
279.7188,6.0139,19,2,24.2965
306.0259,11.0831,7,0,37.4223
232.7944,11.0456,9,0,22.3348
255.6762,9.0968,6,16,24.3917
257.8214,10.0762,45,37,19.3922
283.4043,9.0547,5,6,29.3987
264.1233,9.0419,10,10,25.3641
288.4045,13.0272,37,0,28.3177
318.0183,14.9517,23,34,27.2814
354.3292,13.9533,29,0,30.3158
321.3993,11.9556,17,2,31.3224
334.0665,11.9513,27,23,25.3378
339.7623,6.9661,16,0,21.3702
277.7773,9.9111,20,13,26.3395
326.0869,17.9424,21,3,21.3778
328.1969,12.9486,13,8,28.3101
327.0253,8.9588,35,0,20.2736
263.6416,9.0153,18,18,20.3294
243.0309,11.9749,22,5,19.3312
273.7702,7.9823,10,0,19.3346
381.5718,15.9769,23,0,23.2977
270.8084,9.9681,14,0,28.3018
300.5791,9.9589,32,8,29.2897
338.8036,15.9678,34,29,26.3217
262.32,14.0041,24,0,21.3563
270.1859,6.0492,27,0,26.3727
280.5672,14.0358,42,0,22.3484
281.718,8.0729,23,0,24.4014
290.6029,11.0214,18,5,30.3951
309.3507,13.0066,16,0,26.3355
223.0777,12.009,21,0,24.3252
237.7433,10.9982,12,7,18.2549
281.6076,9.9178,21,0,21.2558
252.0093,10.976,25,5,19.3528
273.9677,8.0374,22,0,20.3474
247.9881,9.0343,10,0,27.381
306.1361,10.0602,12,21,22.4081
304.9167,14.0361,22,5,22.3793
316.9475,14.0463,9,0,37.396
296.0767,9.9882,9,0,25.3393
239.6838,8.9479,13,0,26.3166
294.1062,9.9124,39,0,22.301
315.5994,9.9407,17,0,25.3009
331.0847,10.9521,25,0,18.285
252.4908,9.9445,18,0,41.2672
268.8041,12.951,20,9,19.2494
263.3528,10.9623,25,10,18.225
305.9214,14.9216,31,0,24.235
298.0534,15.9202,26,0,30.2561
261.8809,11.9554,28,0,21.287
293.7076,10.9793,20,0,18.2908
215.7856,7.9514,30,0,37.2859
237.5911,8.9927,41,0,17.3344
215.8253,8.9645,30,0,20.2923
317.5758,9.9489,26,0,22.2705
275.7994,9.8981,35,0,23.2272
285.5678,9.9,22,0,19.226
284.0572,9.9387,28,0,20.2472
192.4105,5.9303,28,0,15.2272
281.3113,11.9392,26,0,20.2563
222.7976,14.9126,24,8,24.2243
282.1591,7.942,16,0,24.2083
229.9223,14.9426,38,0,24.2093
264.8298,13.9312,43,0,30.1991
222.0375,11.9768,33,0,26.2414
283.04,11.0263,29,0,23.2535
244.4652,9.9867,48,0,35.2423
245.2345,17.0151,22,0,21.2901
254.2011,10.964,14,0,15.2869
326.9066,6.9828,27,0,16.304
270.8942,8.9313,25,0,25.2828
213.703,10.8996,16,0,21.2514
242.0144,8.9206,29,0,21.2346
269.0967,6.9438,22,0,20.2539
265.0719,11.9487,39,0,19.2714
220.0924,6.9502,19,0,22.2799
289.1811,11.9478,27,0,21.2795
246.303,5.9213,48,0,21.2527
265.9852,7.9685,16,0,18.2538
236.7572,7.9504,26,0,24.2048
192.8273,9.9837,19,3,36.2509
219.6298,10.9532,22,17,22.2435
239.6853,13.9929,17,0,18.2599
219.3483,9.9859,18,0,22.239
231.3299,8.9614,29,0,22.2206
254.4682,12.9679,42,0,18.2471
259.6734,9.9735,20,0,22.267
214.3869,8.9846,14,0,27.3259
235.2266,9.9927,10,0,18.687
240.3325,9.9629,17,0,30.6993
277.8893,5.9871,11,0,30.1479
253.4397,7.991,9,0,27.1183
228.8731,5.0172,3,0,31.9895
260.3973,10.9401,5,9,24.7288
233.4182,6.9207,7,0,33.2511
256.7843,9.9213,7,0,27.5693
245.4229,15.9236,22,0,25.7741
274.0788,7.9023,27,0,34.785
232.8533,12.896,8,0,45.9353
313.9895,8.9021,11,4,26.8984
291.7015,5.9109,23,0,30.0104
252.8946,7.9412,10,0,28.9803
291.4724,15.9546,13,0,36.1685
282.1995,9.9458,18,8,40.7856
286.9052,14.9262,28,0,25.4715
305.1474,9.9554,18,0,37.376
249.586,10.9773,19,0,30.0731
253.4368,7.9677,16,0,31.3002
250.4093,12.9927,17,0,27.684
266.5747,11.0503,11,0,26.0462
300.8318,14.0843,21,0,23.1155
285.3664,10.0228,10,0,20.3208
237.3979,9.0016,1,0,50.784
267.0559,9.9421,8,0,31.043
319.6209,7.932,18,0,26.3676
241.1699,7.9343,18,0,20.2938
319.8599,11.9407,18,0,22.2827
327.2056,4.9245,20,0,25.2749
365.8566,8.9216,19,0,24.2768
329.3133,8.9475,21,0,23.2718
324.1399,17.9926,14,0,23.2744
277.4284,17.9909,3,0,22.3044
237.71,10.0249,6,0,24.316
330.1559,11.0516,18,0,30.3298
460.7398,14.0124,55,0,24.3179
424.3675,10.0539,14,0,27.3933
365.3249,10.0394,23,0,20.4292
336.4735,7.0797,16,18,27.5143
300.2468,9.0156,5,5,21.4663
268.324,9.999,4,0,21.428
362.6885,8.9603,5,3,23.3899
360.9689,5.9443,7,9,19.3828
392.8582,5.9261,10,0,25.3442
347.7609,8.9536,10,0,19.3498
428.7535,12.9378,1,9,20.327
384.8165,14.9715,9,0,26.333
366.6753,12.0278,1,6,20.3521
376.5358,10.0208,24,38,26.4
357.3212,12.0231,14,5,22.4267
318.717,6.0415,8,0,21.4557
292.8977,11.0708,7,0,26.4675
258.8902,11.1463,16,0,21.4806
393.4596,11.0362,6,0,20.4278
278.567,5.0691,6,0,26.467
352.4799,8.9426,1,0,21.3674
330.9698,11.9608,12,1,25.4236
315.1508,14.9606,7,0,22.3876
227.2189,9.9623,1,0,19.376
330.0418,8.9873,10,0,23.3932
286.1641,10.0327,20,7,30.3893
323.2253,10.9741,20,0,23.3517
319.192,8.0925,2,0,19.4955
268.0694,7.0429,11,0,25.4617
245.9792,9.068,14,0,16.5063
259.3025,4.0218,0,0,34.4091
273.6396,8.9568,0,0,15.3152
232.9869,7.918,4,0,22.3112
269.1741,5.9609,5,0,18.3706
259.1847,6.9524,12,0,19.3657
266.4846,11.9413,17,0,31.3776
293.3275,4.9211,17,0,25.4586
369.738,5.8811,19,0,14.4782
288.8923,11.8888,9,0,19.4153
266.9287,9.9217,3,0,36.3464
265.7967,5.9384,10,0,16.3144
312.9789,3.9539,6,0,17.2912
269.4495,2.9379,5,0,25.3007
304.9603,8.9001,5,0,25.3221
317.8301,9.9451,0,0,18.4151
305.7016,11.9348,0,0,22.4275
313.762,12.0313,0,16,18.5277
308.5354,7.9687,4,0,13.4772
281.3519,10.0255,0,0,17.5382
384.8084,6.9429,9,0,21.4604
349.0207,6.9057,13,0,24.4189
273.5898,6.9303,14,0,14.3906
320.382,2.9922,4,17,19.4449
303.6671,8.0063,4,0,13.4429
320.4623,4.0284,8,0,21.4696
267.8381,6.976,0,11,18.3888
317.7574,4.0173,0,0,20.4364
290.7335,13.0178,10,0,21.3958
311.9789,12.0752,8,0,30.4291
290.7643,9.0824,7,0,19.4849
291.2451,7.0773,6,0,14.5265
239.3607,6.0782,4,0,17.471
279.1364,5.1255,0,0,12.4863
237.0345,4.1881,0,0,19.5591
247.2631,10.1671,4,0,15.5584
254.9569,7.124,5,0,10.6054
239.8931,7.0682,15,0,18.5888
288.7617,5.0549,15,0,15.5456
250.8072,5.066,5,4,15.5701
245.5454,6.0015,4,0,21.5706
258.7655,5.0254,9,0,19.6177
304.8625,4.919,4,0,32.5032
287.3285,6.8941,20,0,12.4421
296.2065,3.9394,2,0,22.4576
253.6745,8.8811,0,0,14.4275
180.4541,3.9873,3,0,14.5327
215.1734,6.8931,5,0,18.4656
199.9539,6.9305,12,0,14.5108
232.4901,5.9179,0,0,12.4562
274.2717,8.0371,6,0,19.5114
266.2718,3.9629,3,0,17.4401
259.8762,8.9535,33,0,21.4346
288.548,5.0077,3,0,15.5122
257.8474,7.9076,16,0,12.4543
246.6433,11.1016,0,0,14.6044
282.0723,2.9518,3,0,18.4459
241.4695,7.0683,11,0,27.5749
295.5533,12.976,7,0,24.5064
227.9081,5.9093,0,0,20.4705
261.6507,12.9305,12,0,25.4724
223.814,3.9172,5,0,23.466
241.2408,2.9028,17,0,16.4631
214.1259,0.9114,0,0,13.4873
181.9112,1.918,0,0,14.4821
223.1953,6.9185,5,0,34.4395
254.9734,6.9578,1,0,21.4576
193.0371,6.9002,0,0,29.4593
271.1023,5.893,4,0,15.5172
248.9331,7.9213,0,0,15.5029
256.0883,3.9841,0,0,10.4742
227.4908,10.0635,0,0,14.5661
258.6455,8.1413,0,0,32.5977
174.9688,10.1867,0,0,14.5984
216.2327,6.2535,1,0,31.6283
228.4222,1.1134,0,0,18.5279
220.8011,6.137,1,0,12.5728
226.745,6.0947,0,0,24.5761
222.5286,8.0863,0,0,16.5365
276.56,10.055,0,0,20.5152
291.4882,7.1562,0,0,13.6062
314.3857,7.0979,0,0,24.5007
221.7486,6.0997,9,0,19.5767
236.395,8.0849,0,0,15.5806
282.8221,7.1209,8,4,23.5422
285.4942,7.1485,9,0,15.5851
285.988,7.1824,7,2,11.662
227.7333,9.0867,0,0,13.659
219.521,9.0991,1,0,10.6759
189.9285,5.9692,0,0,14.5675
210.7722,4.93,0,0,13.5958
235.8632,8.8709,0,0,13.6131
220.4461,6.9568,3,0,19.6662
251.1457,8.9352,0,0,20.6084
199.9783,10.0722,3,0,15.7093
192.5215,6.0273,0,0,34.6689
241.7491,4.0515,0,0,16.6771
279.0199,4.9689,11,0,19.6005
285.4518,8.913,0,0,27.5492
284.7353,8.9533,0,0,14.5494
307.1639,11.994,4,0,21.5318
261.4332,6.0019,0,0,14.5604
279.1215,5.052,25,0,17.5728
291.841,8.0619,3,0,21.5343
315.149,9.0635,11,0,21.5446
274.6709,4.0126,7,0,17.6033
249.6662,7.0419,13,0,16.5997
282.5829,11.9772,0,0,20.4594
248.1685,9.0023,12,0,22.4533
262.2697,10.087,13,3,21.5077
289.2184,7.1305,1,0,24.4868
263.4084,10.1607,9,0,17.5678
263.6445,8.2123,10,0,18.5729
264.1146,9.1615,15,0,22.5056
266.6999,4.1185,0,0,16.5373
299.1909,12.0434,3,0,20.4926
302.8608,11.0197,12,0,24.5197
276.5429,14.0104,3,0,19.5014
317.7823,6.0987,1,0,22.5629
237.5608,7.1329,19,0,18.5948
258.5274,9.1029,10,0,26.572
243.3001,7.0894,7,0,14.5551
252.2759,7.0953,0,0,18.514
283.2383,11.113,0,0,23.4997
308.1194,6.0626,2,0,25.4292
270.9713,7.1896,4,12,31.5776
306.0146,8.0945,0,0,14.4435
335.3882,8.0887,2,0,21.504
332.8549,6.0854,0,0,17.5233
254.8663,10.0182,12,0,15.425
284.4498,9.0913,2,0,14.4512
261.9842,13.1335,7,1,20.4226
236.2492,10.2021,2,0,26.4743
245.0892,10.1424,14,13,15.412
277.8092,5.2016,0,0,18.5229
233.1429,3.0996,0,0,23.4084
189.098,7.1177,6,0,15.4104
281.4211,9.1262,20,1,23.4799
278.2572,8.1872,0,0,24.5016
220.8692,7.1579,0,0,15.5122
286.4531,8.166,9,0,19.5844
282.7052,10.1624,9,0,15.5548
298.0542,14.0432,2,0,17.4434
345.8195,10.016,16,0,27.5484
235.592,8.9105,37,0,16.4496
